protein_variant,am_pathogenicity,am_class
M1A,0.8282,LPath
M1C,0.5575,Amb
M1D,0.9874,LPath
M1E,0.9333,LPath
M1F,0.4555,Amb
M1G,0.856,LPath
M1H,0.9248,LPath
M1I,0.7862,LPath
M1K,0.8402,LPath
M1L,0.3009,LBen
M1N,0.9352,LPath
M1P,0.926,LPath
M1Q,0.637,LPath
M1R,0.7722,LPath
M1S,0.849,LPath
M1T,0.8803,LPath
M1V,0.2246,LBen
M1W,0.8122,LPath
M1Y,0.8351,LPath
R2A,0.6495,LPath
R2C,0.6776,LPath
R2D,0.8604,LPath
R2E,0.7019,LPath
R2F,0.8053,LPath
R2G,0.5258,Amb
R2H,0.4417,Amb
R2I,0.556,Amb
R2K,0.0909,LBen
R2L,0.4403,Amb
R2M,0.6866,LPath
R2N,0.8005,LPath
R2P,0.6274,LPath
R2Q,0.3782,Amb
R2S,0.772,LPath
R2T,0.5694,LPath
R2V,0.6031,LPath
R2W,0.6995,LPath
R2Y,0.76,LPath
L3A,0.8971,LPath
L3C,0.8607,LPath
L3D,0.9939,LPath
L3E,0.9634,LPath
L3F,0.3782,Amb
L3G,0.941,LPath
L3H,0.9445,LPath
L3I,0.1916,LBen
L3K,0.9228,LPath
L3M,0.5028,Amb
L3N,0.9709,LPath
L3P,0.9605,LPath
L3Q,0.9173,LPath
L3R,0.8666,LPath
L3S,0.9775,LPath
L3T,0.9193,LPath
L3V,0.2537,LBen
L3W,0.808,LPath
L3Y,0.805,LPath
R4A,0.9103,LPath
R4C,0.9139,LPath
R4D,0.9659,LPath
R4E,0.898,LPath
R4F,0.9686,LPath
R4G,0.8971,LPath
R4H,0.8527,LPath
R4I,0.8972,LPath
R4K,0.6682,LPath
R4L,0.8156,LPath
R4M,0.976,LPath
R4N,0.9702,LPath
R4P,0.9219,LPath
R4Q,0.7854,LPath
R4S,0.9644,LPath
R4T,0.9203,LPath
R4V,0.8991,LPath
R4W,0.9021,LPath
R4Y,0.9567,LPath
V5A,0.5884,LPath
V5C,0.8168,LPath
V5D,0.9552,LPath
V5E,0.9049,LPath
V5F,0.5338,Amb
V5G,0.431,Amb
V5H,0.9729,LPath
V5I,0.1974,LBen
V5K,0.9361,LPath
V5L,0.4109,Amb
V5M,0.8232,LPath
V5N,0.932,LPath
V5P,0.9005,LPath
V5Q,0.9259,LPath
V5R,0.8578,LPath
V5S,0.8323,LPath
V5T,0.8596,LPath
V5W,0.9582,LPath
V5Y,0.8429,LPath
R6A,0.8871,LPath
R6C,0.8152,LPath
R6D,0.959,LPath
R6E,0.892,LPath
R6F,0.9327,LPath
R6G,0.8526,LPath
R6H,0.7762,LPath
R6I,0.7956,LPath
R6K,0.5046,Amb
R6L,0.7196,LPath
R6M,0.9533,LPath
R6N,0.9579,LPath
R6P,0.93,LPath
R6Q,0.7106,LPath
R6S,0.9351,LPath
R6T,0.8908,LPath
R6V,0.7758,LPath
R6W,0.8893,LPath
R6Y,0.9216,LPath
L7A,0.3849,Amb
L7C,0.4183,Amb
L7D,0.8586,LPath
L7E,0.6365,LPath
L7F,0.1213,LBen
L7G,0.6227,LPath
L7H,0.403,Amb
L7I,0.103,LBen
L7K,0.5748,LPath
L7M,0.1524,LBen
L7N,0.682,LPath
L7P,0.8304,LPath
L7Q,0.3826,Amb
L7R,0.4167,Amb
L7S,0.5524,Amb
L7T,0.5107,Amb
L7V,0.0857,LBen
L7W,0.2909,LBen
L7Y,0.3283,LBen
L8A,0.1021,LBen
L8C,0.2075,LBen
L8D,0.2047,LBen
L8E,0.0719,LBen
L8F,0.1047,LBen
L8G,0.1065,LBen
L8H,0.0747,LBen
L8I,0.1467,LBen
L8K,0.0639,LBen
L8M,0.1157,LBen
L8N,0.1169,LBen
L8P,0.1352,LBen
L8Q,0.0316,LBen
L8R,0.0485,LBen
L8S,0.1017,LBen
L8T,0.1408,LBen
L8V,0.1196,LBen
L8W,0.1042,LBen
L8Y,0.1661,LBen
K9A,0.5857,LPath
K9C,0.7689,LPath
K9D,0.6222,LPath
K9E,0.3533,Amb
K9F,0.9015,LPath
K9G,0.2707,LBen
K9H,0.4001,Amb
K9I,0.8476,LPath
K9L,0.7,LPath
K9M,0.6964,LPath
K9N,0.519,Amb
K9P,0.6124,LPath
K9Q,0.1965,LBen
K9R,0.0807,LBen
K9S,0.5342,Amb
K9T,0.4945,Amb
K9V,0.7841,LPath
K9W,0.8667,LPath
K9Y,0.7514,LPath
R10A,0.3135,LBen
R10C,0.2287,LBen
R10D,0.4583,Amb
R10E,0.2057,LBen
R10F,0.5705,LPath
R10G,0.2182,LBen
R10H,0.1616,LBen
R10I,0.283,LBen
R10K,0.1091,LBen
R10L,0.2505,LBen
R10M,0.3344,LBen
R10N,0.4171,Amb
R10P,0.6853,LPath
R10Q,0.0929,LBen
R10S,0.3914,Amb
R10T,0.2132,LBen
R10V,0.2921,LBen
R10W,0.291,LBen
R10Y,0.4236,Amb
T11A,0.5417,Amb
T11C,0.809,LPath
T11D,0.7972,LPath
T11E,0.6817,LPath
T11F,0.7948,LPath
T11G,0.5956,LPath
T11H,0.7132,LPath
T11I,0.7042,LPath
T11K,0.4846,Amb
T11L,0.6578,LPath
T11M,0.7214,LPath
T11N,0.5285,Amb
T11P,0.5813,LPath
T11Q,0.6052,LPath
T11R,0.3208,LBen
T11S,0.4655,Amb
T11V,0.5671,LPath
T11W,0.8722,LPath
T11Y,0.6987,LPath
W12A,0.0596,LBen
W12C,0.164,LBen
W12D,0.2544,LBen
W12E,0.1219,LBen
W12F,0.078,LBen
W12G,0.0434,LBen
W12H,0.1796,LBen
W12I,0.1132,LBen
W12K,0.1647,LBen
W12L,0.0836,LBen
W12M,0.1534,LBen
W12N,0.2434,LBen
W12P,0.6848,LPath
W12Q,0.1078,LBen
W12R,0.1376,LBen
W12S,0.0665,LBen
W12T,0.0767,LBen
W12V,0.0734,LBen
W12Y,0.1431,LBen
P13A,0.0871,LBen
P13C,0.3712,Amb
P13D,0.4687,Amb
P13E,0.2703,LBen
P13F,0.3802,Amb
P13G,0.2859,LBen
P13H,0.1763,LBen
P13I,0.2475,LBen
P13K,0.2269,LBen
P13L,0.1282,LBen
P13M,0.3435,Amb
P13N,0.3478,Amb
P13Q,0.1306,LBen
P13R,0.1148,LBen
P13S,0.1558,LBen
P13T,0.1348,LBen
P13V,0.1686,LBen
P13W,0.3967,Amb
P13Y,0.3432,Amb
L14A,0.4158,Amb
L14C,0.6404,LPath
L14D,0.9624,LPath
L14E,0.7463,LPath
L14F,0.2528,LBen
L14G,0.8301,LPath
L14H,0.7559,LPath
L14I,0.0961,LBen
L14K,0.7336,LPath
L14M,0.1964,LBen
L14N,0.9219,LPath
L14P,0.8609,LPath
L14Q,0.5424,Amb
L14R,0.5991,LPath
L14S,0.7357,LPath
L14T,0.4774,Amb
L14V,0.0697,LBen
L14W,0.5688,LPath
L14Y,0.6924,LPath
E15A,0.1628,LBen
E15C,0.7452,LPath
E15D,0.1231,LBen
E15F,0.6355,LPath
E15G,0.2852,LBen
E15H,0.3892,Amb
E15I,0.3074,LBen
E15K,0.2485,LBen
E15L,0.3164,LBen
E15M,0.4776,Amb
E15N,0.2983,LBen
E15P,0.4848,Amb
E15Q,0.152,LBen
E15R,0.2897,LBen
E15S,0.2485,LBen
E15T,0.2395,LBen
E15V,0.1608,LBen
E15W,0.8054,LPath
E15Y,0.5264,Amb
V16A,0.4149,Amb
V16C,0.7609,LPath
V16D,0.6317,LPath
V16E,0.5409,Amb
V16F,0.164,LBen
V16G,0.3728,Amb
V16H,0.8248,LPath
V16I,0.0844,LBen
V16K,0.6805,LPath
V16L,0.1136,LBen
V16M,0.1519,LBen
V16N,0.615,LPath
V16P,0.7575,LPath
V16Q,0.6418,LPath
V16R,0.654,LPath
V16S,0.5513,Amb
V16T,0.5222,Amb
V16W,0.7592,LPath
V16Y,0.5928,LPath
P17A,0.0762,LBen
P17C,0.3653,Amb
P17D,0.2159,LBen
P17E,0.1305,LBen
P17F,0.3761,Amb
P17G,0.175,LBen
P17H,0.1776,LBen
P17I,0.277,LBen
P17K,0.1835,LBen
P17L,0.12,LBen
P17M,0.2704,LBen
P17N,0.2266,LBen
P17Q,0.1164,LBen
P17R,0.1282,LBen
P17S,0.1042,LBen
P17T,0.0904,LBen
P17V,0.1793,LBen
P17W,0.4203,Amb
P17Y,0.3604,Amb
E18A,0.0924,LBen
E18C,0.6098,LPath
E18D,0.0956,LBen
E18F,0.566,LPath
E18G,0.0688,LBen
E18H,0.3272,LBen
E18I,0.345,Amb
E18K,0.1497,LBen
E18L,0.2926,LBen
E18M,0.4023,Amb
E18N,0.1973,LBen
E18P,0.3189,LBen
E18Q,0.1073,LBen
E18R,0.1942,LBen
E18S,0.1303,LBen
E18T,0.1861,LBen
E18V,0.1748,LBen
E18W,0.7438,LPath
E18Y,0.44,Amb
T19A,0.0523,LBen
T19C,0.2896,LBen
T19D,0.1209,LBen
T19E,0.0904,LBen
T19F,0.2098,LBen
T19G,0.1119,LBen
T19H,0.1774,LBen
T19I,0.134,LBen
T19K,0.1005,LBen
T19L,0.0966,LBen
T19M,0.0883,LBen
T19N,0.0791,LBen
T19P,0.0617,LBen
T19Q,0.1177,LBen
T19R,0.0971,LBen
T19S,0.0783,LBen
T19V,0.0999,LBen
T19W,0.3892,Amb
T19Y,0.2077,LBen
E20A,0.1035,LBen
E20C,0.6442,LPath
E20D,0.1235,LBen
E20F,0.5631,Amb
E20G,0.1423,LBen
E20H,0.3297,LBen
E20I,0.3162,LBen
E20K,0.1505,LBen
E20L,0.3049,LBen
E20M,0.3969,Amb
E20N,0.2092,LBen
E20P,0.3818,Amb
E20Q,0.1092,LBen
E20R,0.2018,LBen
E20S,0.1492,LBen
E20T,0.1737,LBen
E20V,0.1675,LBen
E20W,0.7962,LPath
E20Y,0.4561,Amb
P21A,0.1285,LBen
P21C,0.6276,LPath
P21D,0.7895,LPath
P21E,0.6609,LPath
P21F,0.8052,LPath
P21G,0.4664,Amb
P21H,0.654,LPath
P21I,0.5849,LPath
P21K,0.7606,LPath
P21L,0.3894,Amb
P21M,0.6582,LPath
P21N,0.7334,LPath
P21Q,0.5778,LPath
P21R,0.6443,LPath
P21S,0.3487,Amb
P21T,0.2784,LBen
P21V,0.3969,Amb
P21W,0.8689,LPath
P21Y,0.7615,LPath
T22A,0.242,LBen
T22C,0.676,LPath
T22D,0.6451,LPath
T22E,0.6123,LPath
T22F,0.6928,LPath
T22G,0.492,Amb
T22H,0.5453,Amb
T22I,0.6903,LPath
T22K,0.4083,Amb
T22L,0.425,Amb
T22M,0.4075,Amb
T22N,0.3221,LBen
T22P,0.411,Amb
T22Q,0.4532,Amb
T22R,0.3022,LBen
T22S,0.1854,LBen
T22V,0.5172,Amb
T22W,0.8922,LPath
T22Y,0.656,LPath
L23A,0.6671,LPath
L23C,0.9062,LPath
L23D,0.9929,LPath
L23E,0.9453,LPath
L23F,0.7028,LPath
L23G,0.9346,LPath
L23H,0.9564,LPath
L23I,0.1565,LBen
L23K,0.9339,LPath
L23M,0.5219,Amb
L23N,0.9746,LPath
L23P,0.8506,LPath
L23Q,0.9109,LPath
L23R,0.8448,LPath
L23S,0.9239,LPath
L23T,0.6502,LPath
L23V,0.1073,LBen
L23W,0.9093,LPath
L23Y,0.9472,LPath
G24A,0.2211,LBen
G24C,0.523,Amb
G24D,0.553,Amb
G24E,0.3859,Amb
G24F,0.8311,LPath
G24H,0.7613,LPath
G24I,0.7488,LPath
G24K,0.787,LPath
G24L,0.7311,LPath
G24M,0.8718,LPath
G24N,0.7227,LPath
G24P,0.9463,LPath
G24Q,0.6233,LPath
G24R,0.6474,LPath
G24S,0.3078,LBen
G24T,0.5031,Amb
G24V,0.6104,LPath
G24W,0.7059,LPath
G24Y,0.7544,LPath
H25A,0.1272,LBen
H25C,0.1598,LBen
H25D,0.0657,LBen
H25E,0.099,LBen
H25F,0.2765,LBen
H25G,0.1752,LBen
H25I,0.1829,LBen
H25K,0.1518,LBen
H25L,0.0865,LBen
H25M,0.2667,LBen
H25N,0.0678,LBen
H25P,0.4054,Amb
H25Q,0.0716,LBen
H25R,0.0987,LBen
H25S,0.1202,LBen
H25T,0.1484,LBen
H25V,0.1459,LBen
H25W,0.3493,Amb
H25Y,0.1031,LBen
L26A,0.8691,LPath
L26C,0.8362,LPath
L26D,0.9949,LPath
L26E,0.9731,LPath
L26F,0.4759,Amb
L26G,0.9642,LPath
L26H,0.9652,LPath
L26I,0.2286,LBen
L26K,0.9656,LPath
L26M,0.4852,Amb
L26N,0.9902,LPath
L26P,0.9852,LPath
L26Q,0.939,LPath
L26R,0.9183,LPath
L26S,0.9752,LPath
L26T,0.8984,LPath
L26V,0.2379,LBen
L26W,0.8725,LPath
L26Y,0.9257,LPath
R27A,0.656,LPath
R27C,0.4317,Amb
R27D,0.8673,LPath
R27E,0.5416,Amb
R27F,0.785,LPath
R27G,0.6374,LPath
R27H,0.3617,Amb
R27I,0.39,Amb
R27K,0.2763,LBen
R27L,0.3616,Amb
R27M,0.7168,LPath
R27N,0.8459,LPath
R27P,0.9007,LPath
R27Q,0.2543,LBen
R27S,0.7579,LPath
R27T,0.5777,LPath
R27V,0.4991,Amb
R27W,0.5681,LPath
R27Y,0.6971,LPath
S28A,0.0621,LBen
S28C,0.0893,LBen
S28D,0.1511,LBen
S28E,0.1818,LBen
S28F,0.1381,LBen
S28G,0.0854,LBen
S28H,0.1616,LBen
S28I,0.1534,LBen
S28K,0.3565,Amb
S28L,0.1202,LBen
S28M,0.2023,LBen
S28N,0.0974,LBen
S28P,0.68,LPath
S28Q,0.2379,LBen
S28R,0.2417,LBen
S28T,0.0826,LBen
S28V,0.1455,LBen
S28W,0.1703,LBen
S28Y,0.1071,LBen
H29A,0.1881,LBen
H29C,0.1296,LBen
H29D,0.2562,LBen
H29E,0.2429,LBen
H29F,0.2254,LBen
H29G,0.2906,LBen
H29I,0.1843,LBen
H29K,0.2011,LBen
H29L,0.09,LBen
H29M,0.3722,Amb
H29N,0.1629,LBen
H29P,0.5549,Amb
H29Q,0.1329,LBen
H29R,0.0825,LBen
H29S,0.1898,LBen
H29T,0.2142,LBen
H29V,0.1564,LBen
H29W,0.2865,LBen
H29Y,0.0866,LBen
L30A,0.6986,LPath
L30C,0.7256,LPath
L30D,0.9879,LPath
L30E,0.9441,LPath
L30F,0.4616,Amb
L30G,0.9195,LPath
L30H,0.9254,LPath
L30I,0.0932,LBen
L30K,0.9447,LPath
L30M,0.3209,LBen
L30N,0.9641,LPath
L30P,0.9503,LPath
L30Q,0.873,LPath
L30R,0.8811,LPath
L30S,0.8973,LPath
L30T,0.7448,LPath
L30V,0.1177,LBen
L30W,0.8431,LPath
L30Y,0.9133,LPath
R31A,0.1199,LBen
R31C,0.0947,LBen
R31D,0.3556,Amb
R31E,0.2077,LBen
R31F,0.3512,Amb
R31G,0.0844,LBen
R31H,0.1119,LBen
R31I,0.1493,LBen
R31K,0.1314,LBen
R31L,0.15,LBen
R31M,0.234,LBen
R31N,0.2487,LBen
R31P,0.4633,Amb
R31Q,0.0836,LBen
R31S,0.1095,LBen
R31T,0.1149,LBen
R31V,0.195,LBen
R31W,0.2365,LBen
R31Y,0.265,LBen
Q32A,0.1454,LBen
Q32C,0.4632,Amb
Q32D,0.1243,LBen
Q32E,0.0577,LBen
Q32F,0.5175,Amb
Q32G,0.1413,LBen
Q32H,0.1465,LBen
Q32I,0.3292,LBen
Q32K,0.0916,LBen
Q32L,0.1255,LBen
Q32M,0.3438,Amb
Q32N,0.1466,LBen
Q32P,0.1711,LBen
Q32R,0.0804,LBen
Q32S,0.1393,LBen
Q32T,0.1504,LBen
Q32V,0.214,LBen
Q32W,0.3306,LBen
Q32Y,0.3114,LBen
S33A,0.0629,LBen
S33C,0.102,LBen
S33D,0.1999,LBen
S33E,0.2255,LBen
S33F,0.1525,LBen
S33G,0.104,LBen
S33H,0.1772,LBen
S33I,0.1393,LBen
S33K,0.3809,Amb
S33L,0.1413,LBen
S33M,0.2093,LBen
S33N,0.1211,LBen
S33P,0.3949,Amb
S33Q,0.2643,LBen
S33R,0.3135,LBen
S33T,0.0766,LBen
S33V,0.1105,LBen
S33W,0.2285,LBen
S33Y,0.1184,LBen
L34A,0.2381,LBen
L34C,0.4215,Amb
L34D,0.6726,LPath
L34E,0.4001,Amb
L34F,0.1193,LBen
L34G,0.5058,Amb
L34H,0.2678,LBen
L34I,0.0904,LBen
L34K,0.3605,Amb
L34M,0.1667,LBen
L34N,0.4759,Amb
L34P,0.3785,Amb
L34Q,0.2136,LBen
L34R,0.2401,LBen
L34S,0.3083,LBen
L34T,0.2671,LBen
L34V,0.0876,LBen
L34W,0.2661,LBen
L34Y,0.3496,Amb
L35A,0.4046,Amb
L35C,0.6203,LPath
L35D,0.7799,LPath
L35E,0.5809,LPath
L35F,0.202,LBen
L35G,0.5463,Amb
L35H,0.5188,Amb
L35I,0.1776,LBen
L35K,0.6084,LPath
L35M,0.2934,LBen
L35N,0.6333,LPath
L35P,0.2459,LBen
L35Q,0.3968,Amb
L35R,0.398,Amb
L35S,0.5152,Amb
L35T,0.4695,Amb
L35V,0.1988,LBen
L35W,0.443,Amb
L35Y,0.5889,LPath
C36A,0.1095,LBen
C36D,0.1344,LBen
C36E,0.2009,LBen
C36F,0.1148,LBen
C36G,0.0598,LBen
C36H,0.1028,LBen
C36I,0.2503,LBen
C36K,0.2365,LBen
C36L,0.1659,LBen
C36M,0.4068,Amb
C36N,0.1313,LBen
C36P,0.0583,LBen
C36Q,0.148,LBen
C36R,0.0856,LBen
C36S,0.0845,LBen
C36T,0.1518,LBen
C36V,0.199,LBen
C36W,0.1863,LBen
C36Y,0.1073,LBen
T37A,0.0637,LBen
T37C,0.2802,LBen
T37D,0.1506,LBen
T37E,0.1527,LBen
T37F,0.1996,LBen
T37G,0.1196,LBen
T37H,0.1511,LBen
T37I,0.1751,LBen
T37K,0.1521,LBen
T37L,0.1155,LBen
T37M,0.1337,LBen
T37N,0.0851,LBen
T37P,0.0675,LBen
T37Q,0.1534,LBen
T37R,0.1147,LBen
T37S,0.0695,LBen
T37V,0.1505,LBen
T37W,0.4206,Amb
T37Y,0.2044,LBen
W38A,0.1381,LBen
W38C,0.2528,LBen
W38D,0.4699,Amb
W38E,0.4147,Amb
W38F,0.1344,LBen
W38G,0.1111,LBen
W38H,0.4157,Amb
W38I,0.2911,LBen
W38K,0.5907,LPath
W38L,0.1146,LBen
W38M,0.279,LBen
W38N,0.4583,Amb
W38P,0.5386,Amb
W38Q,0.424,Amb
W38R,0.4724,Amb
W38S,0.1451,LBen
W38T,0.2,LBen
W38V,0.2026,LBen
W38Y,0.2928,LBen
G39A,0.4294,Amb
G39C,0.5842,LPath
G39D,0.4119,Amb
G39E,0.4762,Amb
G39F,0.8852,LPath
G39H,0.8104,LPath
G39I,0.734,LPath
G39K,0.8211,LPath
G39L,0.8182,LPath
G39M,0.8767,LPath
G39N,0.5992,LPath
G39P,0.8476,LPath
G39Q,0.7121,LPath
G39R,0.7348,LPath
G39S,0.3695,Amb
G39T,0.5988,LPath
G39V,0.6366,LPath
G39W,0.7879,LPath
G39Y,0.7978,LPath
Y40A,0.5265,Amb
Y40C,0.1388,LBen
Y40D,0.3964,Amb
Y40E,0.6381,LPath
Y40F,0.0779,LBen
Y40G,0.441,Amb
Y40H,0.2753,LBen
Y40I,0.3473,Amb
Y40K,0.6184,LPath
Y40L,0.2817,LBen
Y40M,0.5359,Amb
Y40N,0.3224,LBen
Y40P,0.7917,LPath
Y40Q,0.5795,LPath
Y40R,0.5267,Amb
Y40S,0.3485,Amb
Y40T,0.5571,Amb
Y40V,0.3087,LBen
Y40W,0.3844,Amb
S41A,0.1634,LBen
S41C,0.151,LBen
S41D,0.1768,LBen
S41E,0.3492,Amb
S41F,0.4897,Amb
S41G,0.0726,LBen
S41H,0.3586,Amb
S41I,0.3636,Amb
S41K,0.6286,LPath
S41L,0.3521,Amb
S41M,0.5316,Amb
S41N,0.1856,LBen
S41P,0.2393,LBen
S41Q,0.4554,Amb
S41R,0.4482,Amb
S41T,0.1554,LBen
S41V,0.4002,Amb
S41W,0.5107,Amb
S41Y,0.3908,Amb
S42A,0.0764,LBen
S42C,0.1176,LBen
S42D,0.2015,LBen
S42E,0.2341,LBen
S42F,0.2206,LBen
S42G,0.0972,LBen
S42H,0.2823,LBen
S42I,0.2294,LBen
S42K,0.4502,Amb
S42L,0.1359,LBen
S42M,0.2765,LBen
S42N,0.1576,LBen
S42P,0.0763,LBen
S42Q,0.3296,LBen
S42R,0.3728,Amb
S42T,0.1026,LBen
S42V,0.2054,LBen
S42W,0.2315,LBen
S42Y,0.1734,LBen
N43A,0.1424,LBen
N43C,0.234,LBen
N43D,0.0433,LBen
N43E,0.1366,LBen
N43F,0.5288,Amb
N43G,0.1649,LBen
N43H,0.1192,LBen
N43I,0.2914,LBen
N43K,0.2322,LBen
N43L,0.2608,LBen
N43M,0.42,Amb
N43P,0.3544,Amb
N43Q,0.2219,LBen
N43R,0.2476,LBen
N43S,0.0712,LBen
N43T,0.1171,LBen
N43V,0.2318,LBen
N43W,0.7218,LPath
N43Y,0.1693,LBen
T44A,0.0812,LBen
T44C,0.4069,Amb
T44D,0.3009,LBen
T44E,0.2922,LBen
T44F,0.3978,Amb
T44G,0.2938,LBen
T44H,0.2976,LBen
T44I,0.2039,LBen
T44K,0.3173,LBen
T44L,0.1682,LBen
T44M,0.1578,LBen
T44N,0.1692,LBen
T44P,0.2321,LBen
T44Q,0.2818,LBen
T44R,0.2399,LBen
T44S,0.1197,LBen
T44V,0.1712,LBen
T44W,0.6633,LPath
T44Y,0.3697,Amb
R45A,0.1391,LBen
R45C,0.1203,LBen
R45D,0.1919,LBen
R45E,0.133,LBen
R45F,0.3964,Amb
R45G,0.1029,LBen
R45H,0.0855,LBen
R45I,0.175,LBen
R45K,0.0982,LBen
R45L,0.1347,LBen
R45M,0.2112,LBen
R45N,0.2005,LBen
R45P,0.1257,LBen
R45Q,0.0759,LBen
R45S,0.1532,LBen
R45T,0.1016,LBen
R45V,0.1951,LBen
R45W,0.1871,LBen
R45Y,0.2727,LBen
F46A,0.9546,LPath
F46C,0.7746,LPath
F46D,0.9858,LPath
F46E,0.9874,LPath
F46G,0.9688,LPath
F46H,0.9421,LPath
F46I,0.6333,LPath
F46K,0.9924,LPath
F46L,0.9785,LPath
F46M,0.9041,LPath
F46N,0.9667,LPath
F46P,0.9946,LPath
F46Q,0.9866,LPath
F46R,0.9842,LPath
F46S,0.953,LPath
F46T,0.9669,LPath
F46V,0.613,LPath
F46W,0.7317,LPath
F46Y,0.2528,LBen
T47A,0.0672,LBen
T47C,0.3431,Amb
T47D,0.2286,LBen
T47E,0.2437,LBen
T47F,0.2856,LBen
T47G,0.2078,LBen
T47H,0.2212,LBen
T47I,0.2077,LBen
T47K,0.2349,LBen
T47L,0.1417,LBen
T47M,0.1259,LBen
T47N,0.1122,LBen
T47P,0.5011,Amb
T47Q,0.2195,LBen
T47R,0.1787,LBen
T47S,0.0858,LBen
T47V,0.1728,LBen
T47W,0.6059,LPath
T47Y,0.2739,LBen
I48A,0.9152,LPath
I48C,0.958,LPath
I48D,0.9974,LPath
I48E,0.9942,LPath
I48F,0.649,LPath
I48G,0.9896,LPath
I48H,0.9933,LPath
I48K,0.9909,LPath
I48L,0.2566,LBen
I48M,0.3952,Amb
I48N,0.9815,LPath
I48P,0.9733,LPath
I48Q,0.992,LPath
I48R,0.9857,LPath
I48S,0.9727,LPath
I48T,0.9588,LPath
I48V,0.1033,LBen
I48W,0.9897,LPath
I48Y,0.9556,LPath
T49A,0.582,LPath
T49C,0.8702,LPath
T49D,0.9558,LPath
T49E,0.9789,LPath
T49F,0.9371,LPath
T49G,0.7847,LPath
T49H,0.8604,LPath
T49I,0.961,LPath
T49K,0.9589,LPath
T49L,0.8037,LPath
T49M,0.6983,LPath
T49N,0.7704,LPath
T49P,0.8595,LPath
T49Q,0.9449,LPath
T49R,0.9387,LPath
T49S,0.178,LBen
T49V,0.9006,LPath
T49W,0.9795,LPath
T49Y,0.9259,LPath
L50A,0.9284,LPath
L50C,0.9519,LPath
L50D,0.995,LPath
L50E,0.9824,LPath
L50F,0.8542,LPath
L50G,0.9734,LPath
L50H,0.961,LPath
L50I,0.6683,LPath
L50K,0.9226,LPath
L50M,0.6565,LPath
L50N,0.9821,LPath
L50P,0.9615,LPath
L50Q,0.9417,LPath
L50R,0.8258,LPath
L50S,0.9757,LPath
L50T,0.9337,LPath
L50V,0.65,LPath
L50W,0.9287,LPath
L50Y,0.9653,LPath
N51A,0.9374,LPath
N51C,0.9099,LPath
N51D,0.7773,LPath
N51E,0.9829,LPath
N51F,0.9862,LPath
N51G,0.8464,LPath
N51H,0.7886,LPath
N51I,0.972,LPath
N51K,0.9652,LPath
N51L,0.9177,LPath
N51M,0.9778,LPath
N51P,0.9359,LPath
N51Q,0.9639,LPath
N51R,0.9096,LPath
N51S,0.4917,Amb
N51T,0.8754,LPath
N51V,0.972,LPath
N51W,0.9918,LPath
N51Y,0.8762,LPath
Y52A,0.2188,LBen
Y52C,0.0683,LBen
Y52D,0.1195,LBen
Y52E,0.3327,LBen
Y52F,0.1645,LBen
Y52G,0.072,LBen
Y52H,0.0772,LBen
Y52I,0.5871,LPath
Y52K,0.1561,LBen
Y52L,0.362,Amb
Y52M,0.4826,Amb
Y52N,0.0423,LBen
Y52P,0.8076,LPath
Y52Q,0.1646,LBen
Y52R,0.1124,LBen
Y52S,0.0676,LBen
Y52T,0.242,LBen
Y52V,0.4422,Amb
Y52W,0.394,Amb
K53A,0.6348,LPath
K53C,0.8303,LPath
K53D,0.8117,LPath
K53E,0.3202,LBen
K53F,0.9656,LPath
K53G,0.6917,LPath
K53H,0.5016,Amb
K53I,0.7773,LPath
K53L,0.7632,LPath
K53M,0.613,LPath
K53N,0.6747,LPath
K53P,0.9655,LPath
K53Q,0.2044,LBen
K53R,0.0838,LBen
K53S,0.6203,LPath
K53T,0.3375,LBen
K53V,0.7207,LPath
K53W,0.9373,LPath
K53Y,0.8954,LPath
D54A,0.7791,LPath
D54C,0.967,LPath
D54E,0.5276,Amb
D54F,0.9416,LPath
D54G,0.8705,LPath
D54H,0.8428,LPath
D54I,0.8821,LPath
D54K,0.9152,LPath
D54L,0.8843,LPath
D54M,0.9574,LPath
D54N,0.6074,LPath
D54P,0.9809,LPath
D54Q,0.8565,LPath
D54R,0.9318,LPath
D54S,0.7247,LPath
D54T,0.8081,LPath
D54V,0.7242,LPath
D54W,0.9886,LPath
D54Y,0.7159,LPath
P55A,0.0408,LBen
P55C,0.2827,LBen
P55D,0.3049,LBen
P55E,0.1718,LBen
P55F,0.3671,Amb
P55G,0.2135,LBen
P55H,0.2039,LBen
P55I,0.1978,LBen
P55K,0.2631,LBen
P55L,0.1252,LBen
P55M,0.2622,LBen
P55N,0.2589,LBen
P55Q,0.1485,LBen
P55R,0.1628,LBen
P55S,0.0879,LBen
P55T,0.079,LBen
P55V,0.1243,LBen
P55W,0.6123,LPath
P55Y,0.3703,Amb
L56A,0.9222,LPath
L56C,0.9625,LPath
L56D,0.9961,LPath
L56E,0.9786,LPath
L56F,0.6349,LPath
L56G,0.9883,LPath
L56H,0.9747,LPath
L56I,0.189,LBen
L56K,0.9681,LPath
L56M,0.4835,Amb
L56N,0.9922,LPath
L56P,0.9532,LPath
L56Q,0.9582,LPath
L56R,0.9412,LPath
L56S,0.9862,LPath
L56T,0.9688,LPath
L56V,0.2913,LBen
L56W,0.933,LPath
L56Y,0.9542,LPath
T57A,0.1026,LBen
T57C,0.3732,Amb
T57D,0.3295,LBen
T57E,0.2271,LBen
T57F,0.28,LBen
T57G,0.289,LBen
T57H,0.2473,LBen
T57I,0.1752,LBen
T57K,0.1986,LBen
T57L,0.1229,LBen
T57M,0.114,LBen
T57N,0.1642,LBen
T57P,0.1814,LBen
T57Q,0.2088,LBen
T57R,0.1486,LBen
T57S,0.1282,LBen
T57V,0.1509,LBen
T57W,0.5261,Amb
T57Y,0.3185,LBen
G58A,0.1297,LBen
G58C,0.2735,LBen
G58D,0.181,LBen
G58E,0.1374,LBen
G58F,0.7441,LPath
G58H,0.4507,Amb
G58I,0.5369,Amb
G58K,0.3248,LBen
G58L,0.5077,Amb
G58M,0.5477,Amb
G58N,0.3395,LBen
G58P,0.8621,LPath
G58Q,0.2672,LBen
G58R,0.235,LBen
G58S,0.139,LBen
G58T,0.2157,LBen
G58V,0.337,LBen
G58W,0.5177,Amb
G58Y,0.612,LPath
D59A,0.5864,LPath
D59C,0.895,LPath
D59E,0.3533,Amb
D59F,0.9157,LPath
D59G,0.5241,Amb
D59H,0.7198,LPath
D59I,0.8278,LPath
D59K,0.7622,LPath
D59L,0.8117,LPath
D59M,0.9163,LPath
D59N,0.2507,LBen
D59P,0.8803,LPath
D59Q,0.7443,LPath
D59R,0.7803,LPath
D59S,0.3918,Amb
D59T,0.6317,LPath
D59V,0.6576,LPath
D59W,0.9654,LPath
D59Y,0.6153,LPath
E60A,0.1638,LBen
E60C,0.7602,LPath
E60D,0.1318,LBen
E60F,0.7659,LPath
E60G,0.1309,LBen
E60H,0.3573,Amb
E60I,0.5016,Amb
E60K,0.111,LBen
E60L,0.4305,Amb
E60M,0.4749,Amb
E60N,0.2231,LBen
E60P,0.6989,LPath
E60Q,0.1279,LBen
E60R,0.1843,LBen
E60S,0.1928,LBen
E60T,0.1988,LBen
E60V,0.2944,LBen
E60W,0.832,LPath
E60Y,0.5818,LPath
E61A,0.1754,LBen
E61C,0.8538,LPath
E61D,0.1674,LBen
E61F,0.8181,LPath
E61G,0.2197,LBen
E61H,0.5444,Amb
E61I,0.4974,Amb
E61K,0.1788,LBen
E61L,0.4692,Amb
E61M,0.4981,Amb
E61N,0.3508,Amb
E61P,0.8708,LPath
E61Q,0.1706,LBen
E61R,0.3308,LBen
E61S,0.3401,Amb
E61T,0.3108,LBen
E61V,0.2579,LBen
E61W,0.9329,LPath
E61Y,0.6558,LPath
T62A,0.2052,LBen
T62C,0.6286,LPath
T62D,0.5135,Amb
T62E,0.5311,Amb
T62F,0.6154,LPath
T62G,0.4956,Amb
T62H,0.4379,Amb
T62I,0.5008,Amb
T62K,0.2685,LBen
T62L,0.239,LBen
T62M,0.1642,LBen
T62N,0.1877,LBen
T62P,0.1597,LBen
T62Q,0.3839,Amb
T62R,0.281,LBen
T62S,0.1826,LBen
T62V,0.4189,Amb
T62W,0.8414,LPath
T62Y,0.5381,Amb
L63A,0.857,LPath
L63C,0.9663,LPath
L63D,0.9974,LPath
L63E,0.9833,LPath
L63F,0.7651,LPath
L63G,0.9844,LPath
L63H,0.9892,LPath
L63I,0.2513,LBen
L63K,0.9828,LPath
L63M,0.4214,Amb
L63N,0.9941,LPath
L63P,0.9109,LPath
L63Q,0.9754,LPath
L63R,0.9664,LPath
L63S,0.9781,LPath
L63T,0.9054,LPath
L63V,0.26,LBen
L63W,0.95,LPath
L63Y,0.9773,LPath
A64C,0.4672,Amb
A64D,0.268,LBen
A64E,0.2068,LBen
A64F,0.3818,Amb
A64G,0.1575,LBen
A64H,0.4041,Amb
A64I,0.3455,Amb
A64K,0.3507,Amb
A64L,0.2281,LBen
A64M,0.3339,LBen
A64N,0.2701,LBen
A64P,0.3661,Amb
A64Q,0.2641,LBen
A64R,0.282,LBen
A64S,0.0894,LBen
A64T,0.0977,LBen
A64V,0.1729,LBen
A64W,0.7139,LPath
A64Y,0.481,Amb
S65A,0.0955,LBen
S65C,0.2002,LBen
S65D,0.4654,Amb
S65E,0.5824,LPath
S65F,0.4384,Amb
S65G,0.1573,LBen
S65H,0.5471,Amb
S65I,0.5636,Amb
S65K,0.821,LPath
S65L,0.2681,LBen
S65M,0.4789,Amb
S65N,0.3523,Amb
S65P,0.7814,LPath
S65Q,0.6339,LPath
S65R,0.7345,LPath
S65T,0.1464,LBen
S65V,0.4447,Amb
S65W,0.549,Amb
S65Y,0.3766,Amb
Y66A,0.5346,Amb
Y66C,0.0893,LBen
Y66D,0.7143,LPath
Y66E,0.8737,LPath
Y66F,0.0911,LBen
Y66G,0.6692,LPath
Y66H,0.3364,LBen
Y66I,0.4901,Amb
Y66K,0.7898,LPath
Y66L,0.3561,Amb
Y66M,0.6164,LPath
Y66N,0.514,Amb
Y66P,0.9663,LPath
Y66Q,0.7379,LPath
Y66R,0.5862,LPath
Y66S,0.3727,Amb
Y66T,0.6349,LPath
Y66V,0.3848,Amb
Y66W,0.3866,Amb
G67A,0.7809,LPath
G67C,0.8499,LPath
G67D,0.8913,LPath
G67E,0.9544,LPath
G67F,0.9899,LPath
G67H,0.9612,LPath
G67I,0.9878,LPath
G67K,0.9742,LPath
G67L,0.9804,LPath
G67M,0.9897,LPath
G67N,0.9233,LPath
G67P,0.9962,LPath
G67Q,0.9442,LPath
G67R,0.9188,LPath
G67S,0.6108,LPath
G67T,0.9457,LPath
G67V,0.9755,LPath
G67W,0.9738,LPath
G67Y,0.9795,LPath
I68A,0.9496,LPath
I68C,0.9778,LPath
I68D,0.9981,LPath
I68E,0.9945,LPath
I68F,0.7443,LPath
I68G,0.9913,LPath
I68H,0.9949,LPath
I68K,0.988,LPath
I68L,0.4033,Amb
I68M,0.5205,Amb
I68N,0.9839,LPath
I68P,0.9922,LPath
I68Q,0.9925,LPath
I68R,0.9816,LPath
I68S,0.9804,LPath
I68T,0.9562,LPath
I68V,0.1716,LBen
I68W,0.9904,LPath
I68Y,0.9693,LPath
V69A,0.7163,LPath
V69C,0.9145,LPath
V69D,0.9085,LPath
V69E,0.8599,LPath
V69F,0.562,Amb
V69G,0.7732,LPath
V69H,0.9254,LPath
V69I,0.1536,LBen
V69K,0.8566,LPath
V69L,0.7278,LPath
V69M,0.7,LPath
V69N,0.8497,LPath
V69P,0.9658,LPath
V69Q,0.809,LPath
V69R,0.7028,LPath
V69S,0.7283,LPath
V69T,0.6173,LPath
V69W,0.9839,LPath
V69Y,0.9215,LPath
S70A,0.1145,LBen
S70C,0.1958,LBen
S70D,0.6559,LPath
S70E,0.7567,LPath
S70F,0.6558,LPath
S70G,0.178,LBen
S70H,0.6726,LPath
S70I,0.7564,LPath
S70K,0.9021,LPath
S70L,0.3804,Amb
S70M,0.5937,LPath
S70N,0.3757,Amb
S70P,0.1337,LBen
S70Q,0.7384,LPath
S70R,0.8523,LPath
S70T,0.1863,LBen
S70V,0.6381,LPath
S70W,0.6598,LPath
S70Y,0.5458,Amb
G71A,0.8785,LPath
G71C,0.9403,LPath
G71D,0.934,LPath
G71E,0.9599,LPath
G71F,0.9946,LPath
G71H,0.9836,LPath
G71I,0.9956,LPath
G71K,0.9719,LPath
G71L,0.9887,LPath
G71M,0.9933,LPath
G71N,0.9598,LPath
G71P,0.9972,LPath
G71Q,0.9667,LPath
G71R,0.9222,LPath
G71S,0.7449,LPath
G71T,0.9486,LPath
G71V,0.9864,LPath
G71W,0.9716,LPath
G71Y,0.9889,LPath
D72A,0.981,LPath
D72C,0.9953,LPath
D72E,0.9699,LPath
D72F,0.9904,LPath
D72G,0.9798,LPath
D72H,0.9717,LPath
D72I,0.9942,LPath
D72K,0.9868,LPath
D72L,0.9907,LPath
D72M,0.9975,LPath
D72N,0.854,LPath
D72P,0.9976,LPath
D72Q,0.9851,LPath
D72R,0.9842,LPath
D72S,0.9391,LPath
D72T,0.991,LPath
D72V,0.9846,LPath
D72W,0.9978,LPath
D72Y,0.9079,LPath
L73A,0.7962,LPath
L73C,0.8456,LPath
L73D,0.9824,LPath
L73E,0.9039,LPath
L73F,0.5831,LPath
L73G,0.9474,LPath
L73H,0.7979,LPath
L73I,0.3421,Amb
L73K,0.6844,LPath
L73M,0.2022,LBen
L73N,0.9129,LPath
L73P,0.9843,LPath
L73Q,0.6453,LPath
L73R,0.5617,Amb
L73S,0.8769,LPath
L73T,0.7343,LPath
L73V,0.3279,LBen
L73W,0.8051,LPath
L73Y,0.8354,LPath
I74A,0.9617,LPath
I74C,0.9718,LPath
I74D,0.9978,LPath
I74E,0.9953,LPath
I74F,0.6742,LPath
I74G,0.9924,LPath
I74H,0.9906,LPath
I74K,0.9889,LPath
I74L,0.1822,LBen
I74M,0.5795,LPath
I74N,0.9837,LPath
I74P,0.9836,LPath
I74Q,0.991,LPath
I74R,0.9792,LPath
I74S,0.9802,LPath
I74T,0.974,LPath
I74V,0.2066,LBen
I74W,0.9891,LPath
I74Y,0.9609,LPath
C75A,0.6242,LPath
C75D,0.9213,LPath
C75E,0.9375,LPath
C75F,0.2814,LBen
C75G,0.3996,Amb
C75H,0.5214,Amb
C75I,0.6682,LPath
C75K,0.8894,LPath
C75L,0.6558,LPath
C75M,0.8116,LPath
C75N,0.7172,LPath
C75P,0.983,LPath
C75Q,0.7609,LPath
C75R,0.5531,Amb
C75S,0.4344,Amb
C75T,0.5828,LPath
C75V,0.5582,Amb
C75W,0.6028,LPath
C75Y,0.3383,LBen
L76A,0.777,LPath
L76C,0.7533,LPath
L76D,0.9965,LPath
L76E,0.984,LPath
L76F,0.4595,Amb
L76G,0.9476,LPath
L76H,0.9626,LPath
L76I,0.1268,LBen
L76K,0.9816,LPath
L76M,0.3249,LBen
L76N,0.9852,LPath
L76P,0.9489,LPath
L76Q,0.9539,LPath
L76R,0.9485,LPath
L76S,0.9578,LPath
L76T,0.8789,LPath
L76V,0.1102,LBen
L76W,0.8894,LPath
L76Y,0.9061,LPath
I77A,0.3923,Amb
I77C,0.5974,LPath
I77D,0.6105,LPath
I77E,0.496,Amb
I77F,0.1475,LBen
I77G,0.6729,LPath
I77H,0.3084,LBen
I77K,0.2797,LBen
I77L,0.0886,LBen
I77M,0.1288,LBen
I77N,0.2355,LBen
I77P,0.8677,LPath
I77Q,0.2981,LBen
I77R,0.2072,LBen
I77S,0.289,LBen
I77T,0.2587,LBen
I77V,0.0841,LBen
I77W,0.7192,LPath
I77Y,0.3909,Amb
L78A,0.5438,Amb
L78C,0.6982,LPath
L78D,0.8684,LPath
L78E,0.6162,LPath
L78F,0.213,LBen
L78G,0.7588,LPath
L78H,0.5268,Amb
L78I,0.1285,LBen
L78K,0.6274,LPath
L78M,0.1959,LBen
L78N,0.746,LPath
L78P,0.3298,LBen
L78Q,0.4069,Amb
L78R,0.4744,Amb
L78S,0.611,LPath
L78T,0.4844,Amb
L78V,0.1628,LBen
L78W,0.4414,Amb
L78Y,0.6244,LPath
Q79A,0.1776,LBen
Q79C,0.6134,LPath
Q79D,0.1784,LBen
Q79E,0.0427,LBen
Q79F,0.7735,LPath
Q79G,0.1791,LBen
Q79H,0.2085,LBen
Q79I,0.51,Amb
Q79K,0.0924,LBen
Q79L,0.1818,LBen
Q79M,0.476,Amb
Q79N,0.2288,LBen
Q79P,0.0764,LBen
Q79R,0.1001,LBen
Q79S,0.2,LBen
Q79T,0.2026,LBen
Q79V,0.3028,LBen
Q79W,0.5233,Amb
Q79Y,0.5038,Amb
D80A,0.1955,LBen
D80C,0.649,LPath
D80E,0.139,LBen
D80F,0.7661,LPath
D80G,0.1261,LBen
D80H,0.3058,LBen
D80I,0.6039,LPath
D80K,0.3307,LBen
D80L,0.553,Amb
D80M,0.7507,LPath
D80N,0.1281,LBen
D80P,0.3867,Amb
D80Q,0.3242,LBen
D80R,0.3631,Amb
D80S,0.1565,LBen
D80T,0.3017,LBen
D80V,0.3499,Amb
D80W,0.8651,LPath
D80Y,0.3093,LBen
D81A,0.0851,LBen
D81C,0.3766,Amb
D81E,0.1436,LBen
D81F,0.4594,Amb
D81G,0.1064,LBen
D81H,0.1724,LBen
D81I,0.2967,LBen
D81K,0.2497,LBen
D81L,0.2934,LBen
D81M,0.4957,Amb
D81N,0.0876,LBen
D81P,0.2854,LBen
D81Q,0.2329,LBen
D81R,0.2281,LBen
D81S,0.0859,LBen
D81T,0.1466,LBen
D81V,0.176,LBen
D81W,0.7787,LPath
D81Y,0.1707,LBen
I82A,0.1667,LBen
I82C,0.3641,Amb
I82D,0.2134,LBen
I82E,0.2349,LBen
I82F,0.0778,LBen
I82G,0.297,LBen
I82H,0.211,LBen
I82K,0.1971,LBen
I82L,0.074,LBen
I82M,0.0721,LBen
I82N,0.101,LBen
I82P,0.2671,LBen
I82Q,0.2117,LBen
I82R,0.1548,LBen
I82S,0.1198,LBen
I82T,0.1297,LBen
I82V,0.081,LBen
I82W,0.4495,Amb
I82Y,0.2352,LBen
P83A,0.0625,LBen
P83C,0.2967,LBen
P83D,0.2529,LBen
P83E,0.1691,LBen
P83F,0.3241,LBen
P83G,0.2121,LBen
P83H,0.154,LBen
P83I,0.2164,LBen
P83K,0.2323,LBen
P83L,0.1002,LBen
P83M,0.2467,LBen
P83N,0.245,LBen
P83Q,0.1304,LBen
P83R,0.1485,LBen
P83S,0.0945,LBen
P83T,0.08,LBen
P83V,0.147,LBen
P83W,0.4385,Amb
P83Y,0.3093,LBen
A84C,0.3875,Amb
A84D,0.1608,LBen
A84E,0.1365,LBen
A84F,0.2618,LBen
A84G,0.1331,LBen
A84H,0.3261,LBen
A84I,0.1929,LBen
A84K,0.2843,LBen
A84L,0.1403,LBen
A84M,0.2107,LBen
A84N,0.2099,LBen
A84P,0.1068,LBen
A84Q,0.2204,LBen
A84R,0.2629,LBen
A84S,0.0917,LBen
A84T,0.0853,LBen
A84V,0.1033,LBen
A84W,0.5776,LPath
A84Y,0.3402,Amb
P85A,0.0745,LBen
P85C,0.3281,LBen
P85D,0.2525,LBen
P85E,0.1682,LBen
P85F,0.3921,Amb
P85G,0.2098,LBen
P85H,0.1574,LBen
P85I,0.2599,LBen
P85K,0.2144,LBen
P85L,0.1238,LBen
P85M,0.2857,LBen
P85N,0.2275,LBen
P85Q,0.1253,LBen
P85R,0.1409,LBen
P85S,0.1001,LBen
P85T,0.0873,LBen
P85V,0.174,LBen
P85W,0.4564,Amb
P85Y,0.3442,Amb
N86A,0.1179,LBen
N86C,0.1819,LBen
N86D,0.0949,LBen
N86E,0.2288,LBen
N86F,0.3688,Amb
N86G,0.1932,LBen
N86H,0.1096,LBen
N86I,0.1283,LBen
N86K,0.2345,LBen
N86L,0.1566,LBen
N86M,0.2591,LBen
N86P,0.1864,LBen
N86Q,0.2591,LBen
N86R,0.2411,LBen
N86S,0.0733,LBen
N86T,0.0938,LBen
N86V,0.1191,LBen
N86W,0.6167,LPath
N86Y,0.1357,LBen
I87A,0.1636,LBen
I87C,0.3256,LBen
I87D,0.2374,LBen
I87E,0.2274,LBen
I87F,0.0821,LBen
I87G,0.2779,LBen
I87H,0.1647,LBen
I87K,0.1796,LBen
I87L,0.0504,LBen
I87M,0.0796,LBen
I87N,0.0947,LBen
I87P,0.2121,LBen
I87Q,0.1655,LBen
I87R,0.1283,LBen
I87S,0.1062,LBen
I87T,0.1288,LBen
I87V,0.0824,LBen
I87W,0.3957,Amb
I87Y,0.1988,LBen
P88A,0.087,LBen
P88C,0.3341,LBen
P88D,0.332,LBen
P88E,0.2439,LBen
P88F,0.324,LBen
P88G,0.2648,LBen
P88H,0.1625,LBen
P88I,0.2261,LBen
P88K,0.3061,LBen
P88L,0.1071,LBen
P88M,0.3005,LBen
P88N,0.2937,LBen
P88Q,0.16,LBen
P88R,0.1752,LBen
P88S,0.1065,LBen
P88T,0.0896,LBen
P88V,0.1704,LBen
P88W,0.4697,Amb
P88Y,0.3335,LBen
S89A,0.0681,LBen
S89C,0.101,LBen
S89D,0.3403,Amb
S89E,0.3713,Amb
S89F,0.1468,LBen
S89G,0.1202,LBen
S89H,0.313,LBen
S89I,0.1556,LBen
S89K,0.5799,LPath
S89L,0.0949,LBen
S89M,0.2345,LBen
S89N,0.2108,LBen
S89P,0.0712,LBen
S89Q,0.4135,Amb
S89R,0.5044,Amb
S89T,0.088,LBen
S89V,0.1447,LBen
S89W,0.2439,LBen
S89Y,0.1493,LBen
S90A,0.0767,LBen
S90C,0.1144,LBen
S90D,0.3703,Amb
S90E,0.4275,Amb
S90F,0.1699,LBen
S90G,0.127,LBen
S90H,0.3588,Amb
S90I,0.2022,LBen
S90K,0.6672,LPath
S90L,0.1111,LBen
S90M,0.2619,LBen
S90N,0.2279,LBen
S90P,0.0962,LBen
S90Q,0.4929,Amb
S90R,0.6006,LPath
S90T,0.0939,LBen
S90V,0.1813,LBen
S90W,0.2907,LBen
S90Y,0.184,LBen
T91A,0.0764,LBen
T91C,0.4078,Amb
T91D,0.2693,LBen
T91E,0.2055,LBen
T91F,0.282,LBen
T91G,0.1995,LBen
T91H,0.2546,LBen
T91I,0.2087,LBen
T91K,0.1699,LBen
T91L,0.1246,LBen
T91M,0.1109,LBen
T91N,0.1488,LBen
T91P,0.0794,LBen
T91Q,0.1963,LBen
T91R,0.1346,LBen
T91S,0.1197,LBen
T91V,0.1663,LBen
T91W,0.4595,Amb
T91Y,0.3208,LBen
D92A,0.1184,LBen
D92C,0.4152,Amb
D92E,0.1721,LBen
D92F,0.4083,Amb
D92G,0.1206,LBen
D92H,0.2278,LBen
D92I,0.2227,LBen
D92K,0.3207,LBen
D92L,0.2573,LBen
D92M,0.5139,Amb
D92N,0.1071,LBen
D92P,0.3315,LBen
D92Q,0.3019,LBen
D92R,0.309,LBen
D92S,0.1066,LBen
D92T,0.1798,LBen
D92V,0.1293,LBen
D92W,0.7661,LPath
D92Y,0.1593,LBen
S93A,0.083,LBen
S93C,0.11,LBen
S93D,0.3318,LBen
S93E,0.3953,Amb
S93F,0.1748,LBen
S93G,0.1262,LBen
S93H,0.3503,Amb
S93I,0.1715,LBen
S93K,0.5962,LPath
S93L,0.0946,LBen
S93M,0.2138,LBen
S93N,0.2063,LBen
S93P,0.1287,LBen
S93Q,0.4887,Amb
S93R,0.5403,Amb
S93T,0.0792,LBen
S93V,0.17,LBen
S93W,0.2472,LBen
S93Y,0.1615,LBen
E94A,0.1227,LBen
E94C,0.6174,LPath
E94D,0.1115,LBen
E94F,0.5421,Amb
E94G,0.1077,LBen
E94H,0.2774,LBen
E94I,0.2719,LBen
E94K,0.1085,LBen
E94L,0.2616,LBen
E94M,0.363,Amb
E94N,0.201,LBen
E94P,0.2482,LBen
E94Q,0.1096,LBen
E94R,0.1694,LBen
E94S,0.1421,LBen
E94T,0.1653,LBen
E94V,0.1718,LBen
E94W,0.7094,LPath
E94Y,0.4093,Amb
H95A,0.1381,LBen
H95C,0.1207,LBen
H95D,0.1049,LBen
H95E,0.1577,LBen
H95F,0.2009,LBen
H95G,0.1602,LBen
H95I,0.167,LBen
H95K,0.1672,LBen
H95L,0.0916,LBen
H95M,0.3085,LBen
H95N,0.0729,LBen
H95P,0.0707,LBen
H95Q,0.1208,LBen
H95R,0.0921,LBen
H95S,0.1266,LBen
H95T,0.1349,LBen
H95V,0.1427,LBen
H95W,0.2803,LBen
H95Y,0.0798,LBen
S96A,0.0759,LBen
S96C,0.0801,LBen
S96D,0.2899,LBen
S96E,0.3399,LBen
S96F,0.1118,LBen
S96G,0.1265,LBen
S96H,0.2217,LBen
S96I,0.1307,LBen
S96K,0.5104,Amb
S96L,0.095,LBen
S96M,0.2165,LBen
S96N,0.1827,LBen
S96P,0.0807,LBen
S96Q,0.3612,Amb
S96R,0.4258,Amb
S96T,0.0815,LBen
S96V,0.138,LBen
S96W,0.1744,LBen
S96Y,0.1037,LBen
S97A,0.0864,LBen
S97C,0.0914,LBen
S97D,0.288,LBen
S97E,0.3893,Amb
S97F,0.1223,LBen
S97G,0.1119,LBen
S97H,0.2502,LBen
S97I,0.1231,LBen
S97K,0.5467,Amb
S97L,0.0858,LBen
S97M,0.2094,LBen
S97N,0.1617,LBen
S97P,0.0859,LBen
S97Q,0.4012,Amb
S97R,0.454,Amb
S97T,0.0814,LBen
S97V,0.1372,LBen
S97W,0.2068,LBen
S97Y,0.128,LBen
L98A,0.1242,LBen
L98C,0.2244,LBen
L98D,0.2423,LBen
L98E,0.1471,LBen
L98F,0.0829,LBen
L98G,0.2032,LBen
L98H,0.0878,LBen
L98I,0.0741,LBen
L98K,0.1414,LBen
L98M,0.1102,LBen
L98N,0.1486,LBen
L98P,0.0811,LBen
L98Q,0.078,LBen
L98R,0.0877,LBen
L98S,0.0958,LBen
L98T,0.1118,LBen
L98V,0.0752,LBen
L98W,0.1096,LBen
L98Y,0.1712,LBen
Q99A,0.1716,LBen
Q99C,0.4351,Amb
Q99D,0.2474,LBen
Q99E,0.0782,LBen
Q99F,0.5731,LPath
Q99G,0.182,LBen
Q99H,0.1778,LBen
Q99I,0.2964,LBen
Q99K,0.1009,LBen
Q99L,0.1203,LBen
Q99M,0.3338,LBen
Q99N,0.2479,LBen
Q99P,0.0769,LBen
Q99R,0.0966,LBen
Q99S,0.1912,LBen
Q99T,0.1772,LBen
Q99V,0.2058,LBen
Q99W,0.3187,LBen
Q99Y,0.372,Amb
N100A,0.1462,LBen
N100C,0.1652,LBen
N100D,0.0861,LBen
N100E,0.1826,LBen
N100F,0.3616,Amb
N100G,0.179,LBen
N100H,0.0879,LBen
N100I,0.1337,LBen
N100K,0.1525,LBen
N100L,0.1675,LBen
N100M,0.2348,LBen
N100P,0.2247,LBen
N100Q,0.184,LBen
N100R,0.1817,LBen
N100S,0.0826,LBen
N100T,0.0949,LBen
N100V,0.1461,LBen
N100W,0.4694,Amb
N100Y,0.1111,LBen
N101A,0.1338,LBen
N101C,0.1537,LBen
N101D,0.0865,LBen
N101E,0.1873,LBen
N101F,0.3602,Amb
N101G,0.1724,LBen
N101H,0.0783,LBen
N101I,0.1295,LBen
N101K,0.1398,LBen
N101L,0.1432,LBen
N101M,0.2239,LBen
N101P,0.1998,LBen
N101Q,0.1861,LBen
N101R,0.1518,LBen
N101S,0.0712,LBen
N101T,0.0834,LBen
N101V,0.1462,LBen
N101W,0.494,Amb
N101Y,0.1188,LBen
E102A,0.1028,LBen
E102C,0.389,Amb
E102D,0.0618,LBen
E102F,0.3808,Amb
E102G,0.0756,LBen
E102H,0.1608,LBen
E102I,0.1923,LBen
E102K,0.0949,LBen
E102L,0.1863,LBen
E102M,0.2913,LBen
E102N,0.1027,LBen
E102P,0.2107,LBen
E102Q,0.0907,LBen
E102R,0.1249,LBen
E102S,0.0992,LBen
E102T,0.122,LBen
E102V,0.1304,LBen
E102W,0.5375,Amb
E102Y,0.2385,LBen
Q103A,0.123,LBen
Q103C,0.3586,Amb
Q103D,0.1668,LBen
Q103E,0.0723,LBen
Q103F,0.3705,Amb
Q103G,0.155,LBen
Q103H,0.12,LBen
Q103I,0.1736,LBen
Q103K,0.0831,LBen
Q103L,0.084,LBen
Q103M,0.2229,LBen
Q103N,0.1555,LBen
Q103P,0.0701,LBen
Q103R,0.0984,LBen
Q103S,0.1341,LBen
Q103T,0.1161,LBen
Q103V,0.132,LBen
Q103W,0.2675,LBen
Q103Y,0.2166,LBen
P104A,0.0764,LBen
P104C,0.2588,LBen
P104D,0.2093,LBen
P104E,0.16,LBen
P104F,0.2702,LBen
P104G,0.1888,LBen
P104H,0.1117,LBen
P104I,0.1796,LBen
P104K,0.1834,LBen
P104L,0.0871,LBen
P104M,0.2231,LBen
P104N,0.1819,LBen
P104Q,0.1096,LBen
P104R,0.1203,LBen
P104S,0.0903,LBen
P104T,0.0794,LBen
P104V,0.133,LBen
P104W,0.3311,LBen
P104Y,0.2229,LBen
S105A,0.0751,LBen
S105C,0.0844,LBen
S105D,0.2586,LBen
S105E,0.298,LBen
S105F,0.0984,LBen
S105G,0.1209,LBen
S105H,0.2141,LBen
S105I,0.1198,LBen
S105K,0.4542,Amb
S105L,0.0802,LBen
S105M,0.1903,LBen
S105N,0.164,LBen
S105P,0.0726,LBen
S105Q,0.3099,LBen
S105R,0.375,Amb
S105T,0.0823,LBen
S105V,0.1169,LBen
S105W,0.1741,LBen
S105Y,0.1052,LBen
L106A,0.1034,LBen
L106C,0.2813,LBen
L106D,0.2662,LBen
L106E,0.1447,LBen
L106F,0.0823,LBen
L106G,0.2028,LBen
L106H,0.1081,LBen
L106I,0.0817,LBen
L106K,0.1539,LBen
L106M,0.1045,LBen
L106N,0.1778,LBen
L106P,0.0781,LBen
L106Q,0.0889,LBen
L106R,0.1023,LBen
L106S,0.094,LBen
L106T,0.1031,LBen
L106V,0.0774,LBen
L106W,0.1133,LBen
L106Y,0.2007,LBen
A107C,0.3671,Amb
A107D,0.1479,LBen
A107E,0.1624,LBen
A107F,0.2586,LBen
A107G,0.1124,LBen
A107H,0.3137,LBen
A107I,0.2141,LBen
A107K,0.315,LBen
A107L,0.1457,LBen
A107M,0.2322,LBen
A107N,0.1883,LBen
A107P,0.0996,LBen
A107Q,0.2423,LBen
A107R,0.268,LBen
A107S,0.0901,LBen
A107T,0.0857,LBen
A107V,0.1142,LBen
A107W,0.5254,Amb
A107Y,0.323,LBen
T108A,0.058,LBen
T108C,0.2723,LBen
T108D,0.1649,LBen
T108E,0.1631,LBen
T108F,0.1549,LBen
T108G,0.1344,LBen
T108H,0.1505,LBen
T108I,0.1145,LBen
T108K,0.1353,LBen
T108L,0.088,LBen
T108M,0.0909,LBen
T108N,0.0873,LBen
T108P,0.0697,LBen
T108Q,0.1515,LBen
T108R,0.1032,LBen
T108S,0.0827,LBen
T108V,0.1032,LBen
T108W,0.3767,Amb
T108Y,0.1656,LBen
S109A,0.0717,LBen
S109C,0.0831,LBen
S109D,0.226,LBen
S109E,0.2912,LBen
S109F,0.1198,LBen
S109G,0.0915,LBen
S109H,0.2141,LBen
S109I,0.1125,LBen
S109K,0.4164,Amb
S109L,0.0872,LBen
S109M,0.1892,LBen
S109N,0.1279,LBen
S109P,0.0712,LBen
S109Q,0.3203,LBen
S109R,0.3285,LBen
S109T,0.0705,LBen
S109V,0.1185,LBen
S109W,0.1828,LBen
S109Y,0.119,LBen
S110A,0.0739,LBen
S110C,0.0774,LBen
S110D,0.2008,LBen
S110E,0.2445,LBen
S110F,0.1141,LBen
S110G,0.0853,LBen
S110H,0.1834,LBen
S110I,0.1201,LBen
S110K,0.3265,LBen
S110L,0.0868,LBen
S110M,0.1821,LBen
S110N,0.1135,LBen
S110P,0.0804,LBen
S110Q,0.2674,LBen
S110R,0.2555,LBen
S110T,0.0754,LBen
S110V,0.1251,LBen
S110W,0.154,LBen
S110Y,0.1062,LBen
N111A,0.1021,LBen
N111C,0.1077,LBen
N111D,0.0762,LBen
N111E,0.1444,LBen
N111F,0.2218,LBen
N111G,0.1322,LBen
N111H,0.0655,LBen
N111I,0.0916,LBen
N111K,0.1156,LBen
N111L,0.1058,LBen
N111M,0.1872,LBen
N111P,0.1388,LBen
N111Q,0.1381,LBen
N111R,0.1168,LBen
N111S,0.0578,LBen
N111T,0.0729,LBen
N111V,0.1026,LBen
N111W,0.3761,Amb
N111Y,0.0845,LBen
Q112A,0.1108,LBen
Q112C,0.3192,LBen
Q112D,0.144,LBen
Q112E,0.0651,LBen
Q112F,0.4134,Amb
Q112G,0.1201,LBen
Q112H,0.1177,LBen
Q112I,0.1955,LBen
Q112K,0.0774,LBen
Q112L,0.1026,LBen
Q112M,0.2183,LBen
Q112N,0.1504,LBen
Q112P,0.0718,LBen
Q112R,0.0789,LBen
Q112S,0.1221,LBen
Q112T,0.1044,LBen
Q112V,0.1355,LBen
Q112W,0.26,LBen
Q112Y,0.2397,LBen
T113A,0.0601,LBen
T113C,0.2257,LBen
T113D,0.1333,LBen
T113E,0.1248,LBen
T113F,0.138,LBen
T113G,0.1197,LBen
T113H,0.1168,LBen
T113I,0.1037,LBen
T113K,0.1006,LBen
T113L,0.0803,LBen
T113M,0.0832,LBen
T113N,0.0673,LBen
T113P,0.0618,LBen
T113Q,0.116,LBen
T113R,0.0857,LBen
T113S,0.0721,LBen
T113V,0.1027,LBen
T113W,0.2955,LBen
T113Y,0.1278,LBen
S114A,0.0806,LBen
S114C,0.0785,LBen
S114D,0.1339,LBen
S114E,0.2081,LBen
S114F,0.1453,LBen
S114G,0.0689,LBen
S114H,0.1428,LBen
S114I,0.0894,LBen
S114K,0.2307,LBen
S114L,0.0988,LBen
S114M,0.1628,LBen
S114N,0.0753,LBen
S114P,0.1087,LBen
S114Q,0.2087,LBen
S114R,0.1679,LBen
S114T,0.0747,LBen
S114V,0.1139,LBen
S114W,0.1914,LBen
S114Y,0.1315,LBen
M115A,0.1205,LBen
M115C,0.3267,LBen
M115D,0.2395,LBen
M115E,0.1306,LBen
M115F,0.1214,LBen
M115G,0.1878,LBen
M115H,0.1463,LBen
M115I,0.0795,LBen
M115K,0.0686,LBen
M115L,0.0772,LBen
M115N,0.1264,LBen
M115P,0.1404,LBen
M115Q,0.0901,LBen
M115R,0.0664,LBen
M115S,0.1142,LBen
M115T,0.0736,LBen
M115V,0.056,LBen
M115W,0.2668,LBen
M115Y,0.2298,LBen
Q116A,0.0997,LBen
Q116C,0.3154,LBen
Q116D,0.1509,LBen
Q116E,0.0636,LBen
Q116F,0.4009,Amb
Q116G,0.121,LBen
Q116H,0.1203,LBen
Q116I,0.1865,LBen
Q116K,0.0722,LBen
Q116L,0.0842,LBen
Q116M,0.2199,LBen
Q116N,0.1495,LBen
Q116P,0.0597,LBen
Q116R,0.0773,LBen
Q116S,0.1229,LBen
Q116T,0.1031,LBen
Q116V,0.1317,LBen
Q116W,0.2381,LBen
Q116Y,0.2472,LBen
D117A,0.0746,LBen
D117C,0.2166,LBen
D117E,0.0881,LBen
D117F,0.2392,LBen
D117G,0.0643,LBen
D117H,0.1034,LBen
D117I,0.145,LBen
D117K,0.1162,LBen
D117L,0.1295,LBen
D117M,0.2532,LBen
D117N,0.0673,LBen
D117P,0.1747,LBen
D117Q,0.1276,LBen
D117R,0.1214,LBen
D117S,0.0754,LBen
D117T,0.0996,LBen
D117V,0.0906,LBen
D117W,0.4416,Amb
D117Y,0.092,LBen
E118A,0.0991,LBen
E118C,0.4412,Amb
E118D,0.0957,LBen
E118F,0.3519,Amb
E118G,0.0748,LBen
E118H,0.1864,LBen
E118I,0.1691,LBen
E118K,0.0693,LBen
E118L,0.1757,LBen
E118M,0.2206,LBen
E118N,0.1352,LBen
E118P,0.2326,LBen
E118Q,0.0836,LBen
E118R,0.1043,LBen
E118S,0.1098,LBen
E118T,0.1145,LBen
E118V,0.1193,LBen
E118W,0.506,Amb
E118Y,0.2623,LBen
Q119A,0.1062,LBen
Q119C,0.2733,LBen
Q119D,0.1471,LBen
Q119E,0.0706,LBen
Q119F,0.2998,LBen
Q119G,0.1189,LBen
Q119H,0.1061,LBen
Q119I,0.1427,LBen
Q119K,0.0677,LBen
Q119L,0.0728,LBen
Q119M,0.1798,LBen
Q119N,0.129,LBen
Q119P,0.0732,LBen
Q119R,0.0792,LBen
Q119S,0.1142,LBen
Q119T,0.098,LBen
Q119V,0.1109,LBen
Q119W,0.2066,LBen
Q119Y,0.1794,LBen
P120A,0.0645,LBen
P120C,0.1587,LBen
P120D,0.1356,LBen
P120E,0.1027,LBen
P120F,0.1535,LBen
P120G,0.1199,LBen
P120H,0.0764,LBen
P120I,0.1122,LBen
P120K,0.101,LBen
P120L,0.063,LBen
P120M,0.1363,LBen
P120N,0.1204,LBen
P120Q,0.0711,LBen
P120R,0.0714,LBen
P120S,0.0743,LBen
P120T,0.0657,LBen
P120V,0.0917,LBen
P120W,0.1569,LBen
P120Y,0.1381,LBen
S121A,0.0741,LBen
S121C,0.0774,LBen
S121D,0.1203,LBen
S121E,0.161,LBen
S121F,0.1304,LBen
S121G,0.0613,LBen
S121H,0.119,LBen
S121I,0.0872,LBen
S121K,0.1635,LBen
S121L,0.0898,LBen
S121M,0.1446,LBen
S121N,0.0751,LBen
S121P,0.1099,LBen
S121Q,0.1634,LBen
S121R,0.1137,LBen
S121T,0.0689,LBen
S121V,0.1074,LBen
S121W,0.1612,LBen
S121Y,0.1184,LBen
D122A,0.0744,LBen
D122C,0.203,LBen
D122E,0.1067,LBen
D122F,0.1925,LBen
D122G,0.0746,LBen
D122H,0.1041,LBen
D122I,0.124,LBen
D122K,0.1425,LBen
D122L,0.1214,LBen
D122M,0.2766,LBen
D122N,0.0696,LBen
D122P,0.1933,LBen
D122Q,0.1462,LBen
D122R,0.1302,LBen
D122S,0.0692,LBen
D122T,0.1051,LBen
D122V,0.0842,LBen
D122W,0.478,Amb
D122Y,0.0863,LBen
S123A,0.0722,LBen
S123C,0.0842,LBen
S123D,0.1878,LBen
S123E,0.2548,LBen
S123F,0.1044,LBen
S123G,0.0998,LBen
S123H,0.1898,LBen
S123I,0.1007,LBen
S123K,0.3689,Amb
S123L,0.0739,LBen
S123M,0.1656,LBen
S123N,0.1279,LBen
S123P,0.0812,LBen
S123Q,0.2984,LBen
S123R,0.2866,LBen
S123T,0.0745,LBen
S123V,0.1046,LBen
S123W,0.1608,LBen
S123Y,0.0965,LBen
F124A,0.1277,LBen
F124C,0.0923,LBen
F124D,0.1778,LBen
F124E,0.2649,LBen
F124G,0.2042,LBen
F124H,0.2035,LBen
F124I,0.0654,LBen
F124K,0.2816,LBen
F124L,0.3171,LBen
F124M,0.2001,LBen
F124N,0.1664,LBen
F124P,0.2463,LBen
F124Q,0.2369,LBen
F124R,0.1958,LBen
F124S,0.076,LBen
F124T,0.1236,LBen
F124V,0.0696,LBen
F124W,0.1924,LBen
F124Y,0.0985,LBen
Q125A,0.1244,LBen
Q125C,0.2979,LBen
Q125D,0.1735,LBen
Q125E,0.0695,LBen
Q125F,0.3876,Amb
Q125G,0.1323,LBen
Q125H,0.1145,LBen
Q125I,0.2225,LBen
Q125K,0.0873,LBen
Q125L,0.0887,LBen
Q125M,0.2425,LBen
Q125N,0.1831,LBen
Q125P,0.0663,LBen
Q125R,0.0738,LBen
Q125S,0.1286,LBen
Q125T,0.1287,LBen
Q125V,0.153,LBen
Q125W,0.2039,LBen
Q125Y,0.2377,LBen
G126A,0.1003,LBen
G126C,0.134,LBen
G126D,0.0928,LBen
G126E,0.0919,LBen
G126F,0.3014,LBen
G126H,0.1894,LBen
G126I,0.1489,LBen
G126K,0.1881,LBen
G126L,0.1945,LBen
G126M,0.2553,LBen
G126N,0.1577,LBen
G126P,0.3128,LBen
G126Q,0.1548,LBen
G126R,0.1477,LBen
G126S,0.0901,LBen
G126T,0.1139,LBen
G126V,0.0994,LBen
G126W,0.1768,LBen
G126Y,0.1817,LBen
Q127A,0.1246,LBen
Q127C,0.3457,Amb
Q127D,0.1512,LBen
Q127E,0.0632,LBen
Q127F,0.4099,Amb
Q127G,0.1319,LBen
Q127H,0.1284,LBen
Q127I,0.2098,LBen
Q127K,0.0733,LBen
Q127L,0.0893,LBen
Q127M,0.2182,LBen
Q127N,0.1581,LBen
Q127P,0.0776,LBen
Q127R,0.0789,LBen
Q127S,0.1439,LBen
Q127T,0.123,LBen
Q127V,0.1457,LBen
Q127W,0.2588,LBen
Q127Y,0.259,LBen
A128C,0.3639,Amb
A128D,0.1145,LBen
A128E,0.122,LBen
A128F,0.2169,LBen
A128G,0.1,LBen
A128H,0.274,LBen
A128I,0.1824,LBen
A128K,0.2282,LBen
A128L,0.1315,LBen
A128M,0.1661,LBen
A128N,0.1613,LBen
A128P,0.1006,LBen
A128Q,0.2071,LBen
A128R,0.2006,LBen
A128S,0.0873,LBen
A128T,0.079,LBen
A128V,0.0956,LBen
A128W,0.4584,Amb
A128Y,0.2803,LBen
A129C,0.31,LBen
A129D,0.1312,LBen
A129E,0.1336,LBen
A129F,0.1809,LBen
A129G,0.0987,LBen
A129H,0.2661,LBen
A129I,0.1572,LBen
A129K,0.2275,LBen
A129L,0.1173,LBen
A129M,0.1614,LBen
A129N,0.1556,LBen
A129P,0.1069,LBen
A129Q,0.1916,LBen
A129R,0.1869,LBen
A129S,0.0775,LBen
A129T,0.0722,LBen
A129V,0.0907,LBen
A129W,0.4266,Amb
A129Y,0.2723,LBen
Q130A,0.1194,LBen
Q130C,0.3618,Amb
Q130D,0.1619,LBen
Q130E,0.0688,LBen
Q130F,0.4084,Amb
Q130G,0.1337,LBen
Q130H,0.1373,LBen
Q130I,0.2207,LBen
Q130K,0.0855,LBen
Q130L,0.0929,LBen
Q130M,0.2333,LBen
Q130N,0.1704,LBen
Q130P,0.0694,LBen
Q130R,0.0816,LBen
Q130S,0.1292,LBen
Q130T,0.1233,LBen
Q130V,0.1486,LBen
Q130W,0.2652,LBen
Q130Y,0.2641,LBen
S131A,0.0695,LBen
S131C,0.0889,LBen
S131D,0.1678,LBen
S131E,0.2142,LBen
S131F,0.1175,LBen
S131G,0.0789,LBen
S131H,0.1995,LBen
S131I,0.1289,LBen
S131K,0.3418,Amb
S131L,0.0809,LBen
S131M,0.1625,LBen
S131N,0.1073,LBen
S131P,0.0857,LBen
S131Q,0.2879,LBen
S131R,0.2793,LBen
S131T,0.0725,LBen
S131V,0.1281,LBen
S131W,0.1551,LBen
S131Y,0.1024,LBen
G132A,0.0722,LBen
G132C,0.0969,LBen
G132D,0.0557,LBen
G132E,0.0781,LBen
G132F,0.2388,LBen
G132H,0.12,LBen
G132I,0.1241,LBen
G132K,0.1507,LBen
G132L,0.1519,LBen
G132M,0.2189,LBen
G132N,0.0971,LBen
G132P,0.242,LBen
G132Q,0.1223,LBen
G132R,0.1024,LBen
G132S,0.0663,LBen
G132T,0.0848,LBen
G132V,0.0874,LBen
G132W,0.1953,LBen
G132Y,0.1474,LBen
V133A,0.0848,LBen
V133C,0.3552,Amb
V133D,0.0884,LBen
V133E,0.1008,LBen
V133F,0.0731,LBen
V133G,0.0772,LBen
V133H,0.2082,LBen
V133I,0.0715,LBen
V133K,0.1378,LBen
V133L,0.096,LBen
V133M,0.0876,LBen
V133N,0.0938,LBen
V133P,0.1759,LBen
V133Q,0.138,LBen
V133R,0.1163,LBen
V133S,0.0876,LBen
V133T,0.1034,LBen
V133W,0.3608,Amb
V133Y,0.2228,LBen
W134A,0.1224,LBen
W134C,0.1824,LBen
W134D,0.165,LBen
W134E,0.1556,LBen
W134F,0.1497,LBen
W134G,0.0644,LBen
W134H,0.192,LBen
W134I,0.1877,LBen
W134K,0.1784,LBen
W134L,0.1141,LBen
W134M,0.1957,LBen
W134N,0.1935,LBen
W134P,0.2608,LBen
W134Q,0.1431,LBen
W134R,0.1349,LBen
W134S,0.0939,LBen
W134T,0.1158,LBen
W134V,0.1407,LBen
W134Y,0.193,LBen
N135A,0.1136,LBen
N135C,0.1515,LBen
N135D,0.0785,LBen
N135E,0.1268,LBen
N135F,0.2886,LBen
N135G,0.1362,LBen
N135H,0.078,LBen
N135I,0.119,LBen
N135K,0.1083,LBen
N135L,0.1371,LBen
N135M,0.1772,LBen
N135P,0.2258,LBen
N135Q,0.147,LBen
N135R,0.1263,LBen
N135S,0.0723,LBen
N135T,0.083,LBen
N135V,0.127,LBen
N135W,0.4203,Amb
N135Y,0.104,LBen
D136A,0.0927,LBen
D136C,0.2528,LBen
D136E,0.0996,LBen
D136F,0.2942,LBen
D136G,0.0697,LBen
D136H,0.123,LBen
D136I,0.1846,LBen
D136K,0.1494,LBen
D136L,0.1952,LBen
D136M,0.3436,Amb
D136N,0.0773,LBen
D136P,0.3106,LBen
D136Q,0.1581,LBen
D136R,0.1401,LBen
D136S,0.0777,LBen
D136T,0.1204,LBen
D136V,0.1179,LBen
D136W,0.5792,LPath
D136Y,0.1187,LBen
D137A,0.0902,LBen
D137C,0.2226,LBen
D137E,0.1047,LBen
D137F,0.2565,LBen
D137G,0.0707,LBen
D137H,0.1165,LBen
D137I,0.1529,LBen
D137K,0.1526,LBen
D137L,0.1775,LBen
D137M,0.3252,LBen
D137N,0.076,LBen
D137P,0.272,LBen
D137Q,0.1537,LBen
D137R,0.1385,LBen
D137S,0.0759,LBen
D137T,0.1165,LBen
D137V,0.1034,LBen
D137W,0.5487,Amb
D137Y,0.1069,LBen
S138A,0.0843,LBen
S138C,0.0804,LBen
S138D,0.0903,LBen
S138E,0.1537,LBen
S138F,0.1658,LBen
S138G,0.0657,LBen
S138H,0.1221,LBen
S138I,0.0974,LBen
S138K,0.1989,LBen
S138L,0.1123,LBen
S138M,0.1591,LBen
S138N,0.0664,LBen
S138P,0.1546,LBen
S138Q,0.1968,LBen
S138R,0.1567,LBen
S138T,0.0744,LBen
S138V,0.1184,LBen
S138W,0.2229,LBen
S138Y,0.1184,LBen
M139A,0.1129,LBen
M139C,0.3775,Amb
M139D,0.2331,LBen
M139E,0.1317,LBen
M139F,0.16,LBen
M139G,0.1759,LBen
M139H,0.171,LBen
M139I,0.1391,LBen
M139K,0.0734,LBen
M139L,0.0839,LBen
M139N,0.1541,LBen
M139P,0.1583,LBen
M139Q,0.1006,LBen
M139R,0.0633,LBen
M139S,0.1168,LBen
M139T,0.069,LBen
M139V,0.0609,LBen
M139W,0.2717,LBen
M139Y,0.2486,LBen
L140A,0.0565,LBen
L140C,0.1576,LBen
L140D,0.1342,LBen
L140E,0.0916,LBen
L140F,0.0816,LBen
L140G,0.1094,LBen
L140H,0.0833,LBen
L140I,0.0768,LBen
L140K,0.1057,LBen
L140M,0.0828,LBen
L140N,0.103,LBen
L140P,0.0487,LBen
L140Q,0.0693,LBen
L140R,0.0786,LBen
L140S,0.0565,LBen
L140T,0.0636,LBen
L140V,0.0651,LBen
L140W,0.0921,LBen
L140Y,0.1434,LBen
G141A,0.1001,LBen
G141C,0.1309,LBen
G141D,0.1112,LBen
G141E,0.0936,LBen
G141F,0.2644,LBen
G141H,0.1993,LBen
G141I,0.136,LBen
G141K,0.2007,LBen
G141L,0.175,LBen
G141M,0.2417,LBen
G141N,0.2015,LBen
G141P,0.3117,LBen
G141Q,0.161,LBen
G141R,0.1504,LBen
G141S,0.0969,LBen
G141T,0.1213,LBen
G141V,0.0989,LBen
G141W,0.1815,LBen
G141Y,0.1848,LBen
P142A,0.0725,LBen
P142C,0.2184,LBen
P142D,0.1728,LBen
P142E,0.1371,LBen
P142F,0.2014,LBen
P142G,0.1631,LBen
P142H,0.1059,LBen
P142I,0.1687,LBen
P142K,0.1565,LBen
P142L,0.0825,LBen
P142M,0.1862,LBen
P142N,0.1583,LBen
P142Q,0.1018,LBen
P142R,0.101,LBen
P142S,0.08,LBen
P142T,0.0713,LBen
P142V,0.1314,LBen
P142W,0.2872,LBen
P142Y,0.2078,LBen
S143A,0.0818,LBen
S143C,0.0766,LBen
S143D,0.1318,LBen
S143E,0.172,LBen
S143F,0.1518,LBen
S143G,0.0653,LBen
S143H,0.1355,LBen
S143I,0.0939,LBen
S143K,0.2021,LBen
S143L,0.1028,LBen
S143M,0.1655,LBen
S143N,0.0878,LBen
S143P,0.1289,LBen
S143Q,0.1771,LBen
S143R,0.1373,LBen
S143T,0.0788,LBen
S143V,0.1152,LBen
S143W,0.2029,LBen
S143Y,0.1317,LBen
Q144A,0.1221,LBen
Q144C,0.2738,LBen
Q144D,0.144,LBen
Q144E,0.0641,LBen
Q144F,0.3689,Amb
Q144G,0.1118,LBen
Q144H,0.1104,LBen
Q144I,0.2189,LBen
Q144K,0.0752,LBen
Q144L,0.0963,LBen
Q144M,0.2264,LBen
Q144N,0.1494,LBen
Q144P,0.0741,LBen
Q144R,0.0722,LBen
Q144S,0.1203,LBen
Q144T,0.125,LBen
Q144V,0.149,LBen
Q144W,0.2032,LBen
Q144Y,0.2126,LBen
N145A,0.0951,LBen
N145C,0.1303,LBen
N145D,0.0698,LBen
N145E,0.1278,LBen
N145F,0.2154,LBen
N145G,0.1319,LBen
N145H,0.0767,LBen
N145I,0.0876,LBen
N145K,0.1098,LBen
N145L,0.1161,LBen
N145M,0.1694,LBen
N145P,0.1501,LBen
N145Q,0.1475,LBen
N145R,0.124,LBen
N145S,0.0729,LBen
N145T,0.077,LBen
N145V,0.0918,LBen
N145W,0.387,Amb
N145Y,0.0873,LBen
F146A,0.0829,LBen
F146C,0.0737,LBen
F146D,0.1203,LBen
F146E,0.1956,LBen
F146G,0.1387,LBen
F146H,0.1681,LBen
F146I,0.0514,LBen
F146K,0.2154,LBen
F146L,0.2421,LBen
F146M,0.1386,LBen
F146N,0.1273,LBen
F146P,0.2053,LBen
F146Q,0.2005,LBen
F146R,0.1522,LBen
F146S,0.0611,LBen
F146T,0.0799,LBen
F146V,0.0511,LBen
F146W,0.1603,LBen
F146Y,0.0861,LBen
E147A,0.0881,LBen
E147C,0.4525,Amb
E147D,0.0943,LBen
E147F,0.3785,Amb
E147G,0.0784,LBen
E147H,0.1983,LBen
E147I,0.1886,LBen
E147K,0.0808,LBen
E147L,0.1654,LBen
E147M,0.2295,LBen
E147N,0.1613,LBen
E147P,0.1855,LBen
E147Q,0.0914,LBen
E147R,0.1126,LBen
E147S,0.1168,LBen
E147T,0.1247,LBen
E147V,0.119,LBen
E147W,0.5166,Amb
E147Y,0.3027,LBen
A148C,0.3307,LBen
A148D,0.0992,LBen
A148E,0.0975,LBen
A148F,0.1852,LBen
A148G,0.0844,LBen
A148H,0.2501,LBen
A148I,0.1429,LBen
A148K,0.1692,LBen
A148L,0.1134,LBen
A148M,0.1255,LBen
A148N,0.1368,LBen
A148P,0.0999,LBen
A148Q,0.1754,LBen
A148R,0.1632,LBen
A148S,0.0806,LBen
A148T,0.0703,LBen
A148V,0.0832,LBen
A148W,0.3746,Amb
A148Y,0.236,LBen
E149A,0.0786,LBen
E149C,0.4714,Amb
E149D,0.0886,LBen
E149F,0.3405,Amb
E149G,0.0672,LBen
E149H,0.216,LBen
E149I,0.1681,LBen
E149K,0.0762,LBen
E149L,0.1661,LBen
E149M,0.2147,LBen
E149N,0.1312,LBen
E149P,0.1997,LBen
E149Q,0.0948,LBen
E149R,0.1222,LBen
E149S,0.1038,LBen
E149T,0.1097,LBen
E149V,0.1072,LBen
E149W,0.5197,Amb
E149Y,0.275,LBen
S150A,0.0649,LBen
S150C,0.0827,LBen
S150D,0.145,LBen
S150E,0.1764,LBen
S150F,0.1092,LBen
S150G,0.0842,LBen
S150H,0.1761,LBen
S150I,0.1003,LBen
S150K,0.2718,LBen
S150L,0.0727,LBen
S150M,0.1295,LBen
S150N,0.0993,LBen
S150P,0.0706,LBen
S150Q,0.2317,LBen
S150R,0.2421,LBen
S150T,0.0689,LBen
S150V,0.0997,LBen
S150W,0.1376,LBen
S150Y,0.0899,LBen
I151A,0.1102,LBen
I151C,0.2881,LBen
I151D,0.1587,LBen
I151E,0.1462,LBen
I151F,0.0676,LBen
I151G,0.1945,LBen
I151H,0.1579,LBen
I151K,0.1221,LBen
I151L,0.071,LBen
I151M,0.0757,LBen
I151N,0.0823,LBen
I151P,0.1608,LBen
I151Q,0.1371,LBen
I151R,0.0884,LBen
I151S,0.0891,LBen
I151T,0.0948,LBen
I151V,0.0633,LBen
I151W,0.3431,Amb
I151Y,0.2008,LBen
Q152A,0.0926,LBen
Q152C,0.283,LBen
Q152D,0.1266,LBen
Q152E,0.0546,LBen
Q152F,0.3508,Amb
Q152G,0.1065,LBen
Q152H,0.11,LBen
Q152I,0.1732,LBen
Q152K,0.0708,LBen
Q152L,0.0829,LBen
Q152M,0.1966,LBen
Q152N,0.1537,LBen
Q152P,0.0583,LBen
Q152R,0.0699,LBen
Q152S,0.1065,LBen
Q152T,0.0969,LBen
Q152V,0.1176,LBen
Q152W,0.1885,LBen
Q152Y,0.2164,LBen
D153A,0.1031,LBen
D153C,0.2759,LBen
D153E,0.0896,LBen
D153F,0.2857,LBen
D153G,0.069,LBen
D153H,0.1531,LBen
D153I,0.1829,LBen
D153K,0.1815,LBen
D153L,0.1949,LBen
D153M,0.345,Amb
D153N,0.0854,LBen
D153P,0.2802,LBen
D153Q,0.1662,LBen
D153R,0.1809,LBen
D153S,0.0996,LBen
D153T,0.1529,LBen
D153V,0.1104,LBen
D153W,0.5243,Amb
D153Y,0.1099,LBen
N154A,0.0665,LBen
N154C,0.1239,LBen
N154D,0.0601,LBen
N154E,0.0974,LBen
N154F,0.1441,LBen
N154G,0.1128,LBen
N154H,0.0712,LBen
N154I,0.0589,LBen
N154K,0.0985,LBen
N154L,0.0793,LBen
N154M,0.104,LBen
N154P,0.1338,LBen
N154Q,0.125,LBen
N154R,0.0974,LBen
N154S,0.0588,LBen
N154T,0.0598,LBen
N154V,0.0608,LBen
N154W,0.3547,Amb
N154Y,0.0897,LBen
A155C,0.2297,LBen
A155D,0.0877,LBen
A155E,0.0732,LBen
A155F,0.1416,LBen
A155G,0.0819,LBen
A155H,0.1847,LBen
A155I,0.0952,LBen
A155K,0.1358,LBen
A155L,0.0877,LBen
A155M,0.105,LBen
A155N,0.1234,LBen
A155P,0.0994,LBen
A155Q,0.1214,LBen
A155R,0.1238,LBen
A155S,0.0782,LBen
A155T,0.0648,LBen
A155V,0.0672,LBen
A155W,0.2844,LBen
A155Y,0.1733,LBen
H156A,0.0617,LBen
H156C,0.0832,LBen
H156D,0.038,LBen
H156E,0.0658,LBen
H156F,0.1425,LBen
H156G,0.0668,LBen
H156I,0.0984,LBen
H156K,0.0962,LBen
H156L,0.0654,LBen
H156M,0.1817,LBen
H156N,0.047,LBen
H156P,0.0673,LBen
H156Q,0.0706,LBen
H156R,0.068,LBen
H156S,0.06,LBen
H156T,0.0743,LBen
H156V,0.0681,LBen
H156W,0.2267,LBen
H156Y,0.0727,LBen
M157A,0.1135,LBen
M157C,0.4396,Amb
M157D,0.2575,LBen
M157E,0.1249,LBen
M157F,0.1773,LBen
M157G,0.1999,LBen
M157H,0.2198,LBen
M157I,0.116,LBen
M157K,0.0875,LBen
M157L,0.0834,LBen
M157N,0.1951,LBen
M157P,0.1971,LBen
M157Q,0.1208,LBen
M157R,0.0806,LBen
M157S,0.1473,LBen
M157T,0.0705,LBen
M157V,0.0532,LBen
M157W,0.319,LBen
M157Y,0.3301,LBen
A158C,0.3138,LBen
A158D,0.0803,LBen
A158E,0.0633,LBen
A158F,0.1945,LBen
A158G,0.0833,LBen
A158H,0.2238,LBen
A158I,0.1399,LBen
A158K,0.1386,LBen
A158L,0.1013,LBen
A158M,0.1331,LBen
A158N,0.122,LBen
A158P,0.0905,LBen
A158Q,0.1278,LBen
A158R,0.1441,LBen
A158S,0.0807,LBen
A158T,0.0728,LBen
A158V,0.08,LBen
A158W,0.3558,Amb
A158Y,0.2494,LBen
E159A,0.1005,LBen
E159C,0.5887,LPath
E159D,0.0977,LBen
E159F,0.4612,Amb
E159G,0.0838,LBen
E159H,0.2842,LBen
E159I,0.2341,LBen
E159K,0.088,LBen
E159L,0.2277,LBen
E159M,0.2888,LBen
E159N,0.1703,LBen
E159P,0.2844,LBen
E159Q,0.1142,LBen
E159R,0.138,LBen
E159S,0.1315,LBen
E159T,0.1467,LBen
E159V,0.1388,LBen
E159W,0.6365,LPath
E159Y,0.3889,Amb
G160A,0.0848,LBen
G160C,0.1118,LBen
G160D,0.0726,LBen
G160E,0.0922,LBen
G160F,0.2658,LBen
G160H,0.1875,LBen
G160I,0.1254,LBen
G160K,0.203,LBen
G160L,0.2045,LBen
G160M,0.2313,LBen
G160N,0.1196,LBen
G160P,0.3046,LBen
G160Q,0.1766,LBen
G160R,0.1551,LBen
G160S,0.0751,LBen
G160T,0.0966,LBen
G160V,0.0877,LBen
G160W,0.2355,LBen
G160Y,0.178,LBen
T161A,0.0625,LBen
T161C,0.2226,LBen
T161D,0.1489,LBen
T161E,0.1248,LBen
T161F,0.145,LBen
T161G,0.1323,LBen
T161H,0.1554,LBen
T161I,0.099,LBen
T161K,0.1127,LBen
T161L,0.0814,LBen
T161M,0.0816,LBen
T161N,0.0926,LBen
T161P,0.0716,LBen
T161Q,0.1393,LBen
T161R,0.0916,LBen
T161S,0.0844,LBen
T161V,0.0928,LBen
T161W,0.3167,LBen
T161Y,0.1746,LBen
G162A,0.088,LBen
G162C,0.1303,LBen
G162D,0.1158,LBen
G162E,0.1426,LBen
G162F,0.3414,Amb
G162H,0.2504,LBen
G162I,0.1541,LBen
G162K,0.2895,LBen
G162L,0.2375,LBen
G162M,0.3043,LBen
G162N,0.1928,LBen
G162P,0.3716,Amb
G162Q,0.2307,LBen
G162R,0.1822,LBen
G162S,0.0789,LBen
G162T,0.1164,LBen
G162V,0.1062,LBen
G162W,0.2885,LBen
G162Y,0.2476,LBen
F163A,0.1435,LBen
F163C,0.0841,LBen
F163D,0.1902,LBen
F163E,0.3264,LBen
F163G,0.2255,LBen
F163H,0.2494,LBen
F163I,0.0654,LBen
F163K,0.374,Amb
F163L,0.415,Amb
F163M,0.2331,LBen
F163N,0.1821,LBen
F163P,0.3631,Amb
F163Q,0.3318,LBen
F163R,0.2614,LBen
F163S,0.0961,LBen
F163T,0.1424,LBen
F163V,0.0686,LBen
F163W,0.238,LBen
F163Y,0.0914,LBen
Y164A,0.211,LBen
Y164C,0.0577,LBen
Y164D,0.1554,LBen
Y164E,0.334,LBen
Y164F,0.0823,LBen
Y164G,0.1814,LBen
Y164H,0.1014,LBen
Y164I,0.1891,LBen
Y164K,0.343,Amb
Y164L,0.1832,LBen
Y164M,0.3623,Amb
Y164N,0.1217,LBen
Y164P,0.2537,LBen
Y164Q,0.2262,LBen
Y164R,0.1876,LBen
Y164S,0.0832,LBen
Y164T,0.1922,LBen
Y164V,0.1586,LBen
Y164W,0.2582,LBen
P165A,0.0989,LBen
P165C,0.3555,Amb
P165D,0.4836,Amb
P165E,0.3174,LBen
P165F,0.3513,Amb
P165G,0.3564,Amb
P165H,0.1784,LBen
P165I,0.2205,LBen
P165K,0.3514,Amb
P165L,0.0918,LBen
P165M,0.3079,LBen
P165N,0.4095,Amb
P165Q,0.1854,LBen
P165R,0.1826,LBen
P165S,0.1491,LBen
P165T,0.1196,LBen
P165V,0.1639,LBen
P165W,0.4978,Amb
P165Y,0.3707,Amb
S166A,0.0634,LBen
S166C,0.098,LBen
S166D,0.2748,LBen
S166E,0.2781,LBen
S166F,0.1227,LBen
S166G,0.107,LBen
S166H,0.2738,LBen
S166I,0.15,LBen
S166K,0.4244,Amb
S166L,0.0663,LBen
S166M,0.1532,LBen
S166N,0.1778,LBen
S166P,0.106,LBen
S166Q,0.3312,LBen
S166R,0.3754,Amb
S166T,0.0771,LBen
S166V,0.1213,LBen
S166W,0.1443,LBen
S166Y,0.123,LBen
E167A,0.4558,Amb
E167C,0.9478,LPath
E167D,0.5623,Amb
E167F,0.9283,LPath
E167G,0.4312,Amb
E167H,0.8791,LPath
E167I,0.7886,LPath
E167K,0.5494,Amb
E167L,0.7776,LPath
E167M,0.7946,LPath
E167N,0.8224,LPath
E167P,0.7773,LPath
E167Q,0.433,Amb
E167R,0.6883,LPath
E167S,0.5893,LPath
E167T,0.7131,LPath
E167V,0.5801,LPath
E167W,0.9817,LPath
E167Y,0.9061,LPath
P168A,0.5494,Amb
P168C,0.9494,LPath
P168D,0.9775,LPath
P168E,0.9338,LPath
P168F,0.9658,LPath
P168G,0.9376,LPath
P168H,0.9315,LPath
P168I,0.7655,LPath
P168K,0.9595,LPath
P168L,0.6067,LPath
P168M,0.879,LPath
P168N,0.973,LPath
P168Q,0.9173,LPath
P168R,0.9067,LPath
P168S,0.8995,LPath
P168T,0.7403,LPath
P168V,0.6066,LPath
P168W,0.9838,LPath
P168Y,0.962,LPath
M169A,0.7727,LPath
M169C,0.93,LPath
M169D,0.9833,LPath
M169E,0.8775,LPath
M169F,0.664,LPath
M169G,0.9336,LPath
M169H,0.92,LPath
M169I,0.7084,LPath
M169K,0.6177,LPath
M169L,0.217,LBen
M169N,0.9431,LPath
M169P,0.9737,LPath
M169Q,0.62,LPath
M169R,0.5817,LPath
M169S,0.8407,LPath
M169T,0.7395,LPath
M169V,0.1695,LBen
M169W,0.9047,LPath
M169Y,0.8906,LPath
L170A,0.8948,LPath
L170C,0.9364,LPath
L170D,0.9857,LPath
L170E,0.9591,LPath
L170F,0.6427,LPath
L170G,0.965,LPath
L170H,0.9127,LPath
L170I,0.2953,LBen
L170K,0.9444,LPath
L170M,0.5324,Amb
L170N,0.9481,LPath
L170P,0.878,LPath
L170Q,0.8976,LPath
L170R,0.8423,LPath
L170S,0.9501,LPath
L170T,0.8676,LPath
L170V,0.3725,Amb
L170W,0.888,LPath
L170Y,0.9095,LPath
C171A,0.7991,LPath
C171D,0.9943,LPath
C171E,0.9969,LPath
C171F,0.7019,LPath
C171G,0.725,LPath
C171H,0.9861,LPath
C171I,0.6954,LPath
C171K,0.9981,LPath
C171L,0.5774,LPath
C171M,0.9067,LPath
C171N,0.9837,LPath
C171P,0.9668,LPath
C171Q,0.9924,LPath
C171R,0.9754,LPath
C171S,0.8586,LPath
C171T,0.9107,LPath
C171V,0.5823,LPath
C171W,0.948,LPath
C171Y,0.9049,LPath
S172A,0.1955,LBen
S172C,0.1308,LBen
S172D,0.7778,LPath
S172E,0.8578,LPath
S172F,0.7469,LPath
S172G,0.1187,LBen
S172H,0.7181,LPath
S172I,0.417,Amb
S172K,0.9543,LPath
S172L,0.3843,Amb
S172M,0.488,Amb
S172N,0.281,LBen
S172P,0.8486,LPath
S172Q,0.8307,LPath
S172R,0.8986,LPath
S172T,0.199,LBen
S172V,0.465,Amb
S172W,0.789,LPath
S172Y,0.6642,LPath
E173A,0.8538,LPath
E173C,0.9888,LPath
E173D,0.7197,LPath
E173F,0.992,LPath
E173G,0.855,LPath
E173H,0.976,LPath
E173I,0.9753,LPath
E173K,0.8502,LPath
E173L,0.9741,LPath
E173M,0.9707,LPath
E173N,0.9566,LPath
E173P,0.9913,LPath
E173Q,0.7519,LPath
E173R,0.8911,LPath
E173S,0.91,LPath
E173T,0.9459,LPath
E173V,0.9156,LPath
E173W,0.9973,LPath
E173Y,0.9857,LPath
S174A,0.046,LBen
S174C,0.0997,LBen
S174D,0.7921,LPath
S174E,0.814,LPath
S174F,0.3818,Amb
S174G,0.144,LBen
S174H,0.751,LPath
S174I,0.2867,LBen
S174K,0.9373,LPath
S174L,0.1328,LBen
S174M,0.2416,LBen
S174N,0.4519,Amb
S174P,0.7414,LPath
S174Q,0.8262,LPath
S174R,0.8905,LPath
S174T,0.0809,LBen
S174V,0.1876,LBen
S174W,0.5657,LPath
S174Y,0.3543,Amb
V175A,0.0816,LBen
V175C,0.5591,Amb
V175D,0.157,LBen
V175E,0.0839,LBen
V175F,0.1246,LBen
V175G,0.1108,LBen
V175H,0.3572,Amb
V175I,0.0818,LBen
V175K,0.1323,LBen
V175L,0.1241,LBen
V175M,0.087,LBen
V175N,0.1728,LBen
V175P,0.4105,Amb
V175Q,0.1406,LBen
V175R,0.1249,LBen
V175S,0.1191,LBen
V175T,0.0926,LBen
V175W,0.5554,Amb
V175Y,0.4109,Amb
E176A,0.0959,LBen
E176C,0.6458,LPath
E176D,0.0777,LBen
E176F,0.5672,LPath
E176G,0.1025,LBen
E176H,0.3328,LBen
E176I,0.3069,LBen
E176K,0.1118,LBen
E176L,0.2811,LBen
E176M,0.3617,Amb
E176N,0.1658,LBen
E176P,0.2203,LBen
E176Q,0.1277,LBen
E176R,0.1785,LBen
E176S,0.1418,LBen
E176T,0.1781,LBen
E176V,0.1786,LBen
E176W,0.7198,LPath
E176Y,0.4348,Amb
G177A,0.3591,Amb
G177C,0.4074,Amb
G177D,0.2943,LBen
G177E,0.3649,Amb
G177F,0.7386,LPath
G177H,0.664,LPath
G177I,0.635,LPath
G177K,0.7042,LPath
G177L,0.7089,LPath
G177M,0.7074,LPath
G177N,0.4195,Amb
G177P,0.9448,LPath
G177Q,0.5873,LPath
G177R,0.5885,LPath
G177S,0.2199,LBen
G177T,0.4447,Amb
G177V,0.4916,Amb
G177W,0.5798,LPath
G177Y,0.583,LPath
Q178A,0.2208,LBen
Q178C,0.4664,Amb
Q178D,0.3345,LBen
Q178E,0.0724,LBen
Q178F,0.5995,LPath
Q178G,0.2702,LBen
Q178H,0.1991,LBen
Q178I,0.3018,LBen
Q178K,0.0751,LBen
Q178L,0.1365,LBen
Q178M,0.2929,LBen
Q178N,0.2919,LBen
Q178P,0.4568,Amb
Q178R,0.0873,LBen
Q178S,0.2976,LBen
Q178T,0.2088,LBen
Q178V,0.2123,LBen
Q178W,0.4327,Amb
Q178Y,0.3929,Amb
V179A,0.5359,Amb
V179C,0.8851,LPath
V179D,0.9462,LPath
V179E,0.8879,LPath
V179F,0.4398,Amb
V179G,0.6188,LPath
V179H,0.9577,LPath
V179I,0.1056,LBen
V179K,0.9286,LPath
V179L,0.4219,Amb
V179M,0.406,Amb
V179N,0.9016,LPath
V179P,0.8957,LPath
V179Q,0.9063,LPath
V179R,0.9021,LPath
V179S,0.7425,LPath
V179T,0.6596,LPath
V179W,0.9513,LPath
V179Y,0.8814,LPath
P180A,0.7844,LPath
P180C,0.9677,LPath
P180D,0.9959,LPath
P180E,0.9896,LPath
P180F,0.9933,LPath
P180G,0.978,LPath
P180H,0.9713,LPath
P180I,0.9793,LPath
P180K,0.9948,LPath
P180L,0.8615,LPath
P180M,0.9814,LPath
P180N,0.9938,LPath
P180Q,0.9762,LPath
P180R,0.9767,LPath
P180S,0.9157,LPath
P180T,0.9241,LPath
P180V,0.9563,LPath
P180W,0.9958,LPath
P180Y,0.9946,LPath
H181A,0.5721,LPath
H181C,0.3191,LBen
H181D,0.5122,Amb
H181E,0.6692,LPath
H181F,0.4446,Amb
H181G,0.6336,LPath
H181I,0.5654,LPath
H181K,0.6498,LPath
H181L,0.205,LBen
H181M,0.7586,LPath
H181N,0.3025,LBen
H181P,0.2722,LBen
H181Q,0.5415,Amb
H181R,0.2607,LBen
H181S,0.531,Amb
H181T,0.7173,LPath
H181V,0.4878,Amb
H181W,0.5526,Amb
H181Y,0.1636,LBen
S182A,0.1512,LBen
S182C,0.257,LBen
S182D,0.9225,LPath
S182E,0.9107,LPath
S182F,0.4703,Amb
S182G,0.3363,LBen
S182H,0.8035,LPath
S182I,0.4607,Amb
S182K,0.9788,LPath
S182L,0.2011,LBen
S182M,0.4275,Amb
S182N,0.7265,LPath
S182P,0.706,LPath
S182Q,0.8849,LPath
S182R,0.9563,LPath
S182T,0.1818,LBen
S182V,0.4021,Amb
S182W,0.6763,LPath
S182Y,0.4822,Amb
L183A,0.8052,LPath
L183C,0.945,LPath
L183D,0.9979,LPath
L183E,0.9779,LPath
L183F,0.6974,LPath
L183G,0.9767,LPath
L183H,0.9816,LPath
L183I,0.2337,LBen
L183K,0.9822,LPath
L183M,0.3525,Amb
L183N,0.9922,LPath
L183P,0.9815,LPath
L183Q,0.9491,LPath
L183R,0.9606,LPath
L183S,0.9574,LPath
L183T,0.8484,LPath
L183V,0.2234,LBen
L183W,0.9264,LPath
L183Y,0.9735,LPath
E184A,0.1661,LBen
E184C,0.8812,LPath
E184D,0.327,LBen
E184F,0.8284,LPath
E184G,0.233,LBen
E184H,0.572,LPath
E184I,0.5518,Amb
E184K,0.2169,LBen
E184L,0.5013,Amb
E184M,0.5333,Amb
E184N,0.4961,Amb
E184P,0.9601,LPath
E184Q,0.1338,LBen
E184R,0.3139,LBen
E184S,0.3048,LBen
E184T,0.3931,Amb
E184V,0.3093,LBen
E184W,0.9241,LPath
E184Y,0.7166,LPath
T185A,0.0824,LBen
T185C,0.3594,Amb
T185D,0.3597,Amb
T185E,0.2574,LBen
T185F,0.1723,LBen
T185G,0.2684,LBen
T185H,0.2358,LBen
T185I,0.0867,LBen
T185K,0.1926,LBen
T185L,0.0691,LBen
T185M,0.0599,LBen
T185N,0.1105,LBen
T185P,0.5068,Amb
T185Q,0.2129,LBen
T185R,0.1545,LBen
T185S,0.1261,LBen
T185V,0.0892,LBen
T185W,0.4962,Amb
T185Y,0.2287,LBen
L186A,0.6366,LPath
L186C,0.7907,LPath
L186D,0.9837,LPath
L186E,0.9131,LPath
L186F,0.4372,Amb
L186G,0.9223,LPath
L186H,0.8202,LPath
L186I,0.19,LBen
L186K,0.9088,LPath
L186M,0.2426,LBen
L186N,0.9161,LPath
L186P,0.9699,LPath
L186Q,0.7197,LPath
L186R,0.7831,LPath
L186S,0.7883,LPath
L186T,0.6697,LPath
L186V,0.1996,LBen
L186W,0.7675,LPath
L186Y,0.829,LPath
Y187A,0.8038,LPath
Y187C,0.1953,LBen
Y187D,0.8682,LPath
Y187E,0.9175,LPath
Y187F,0.1011,LBen
Y187G,0.7578,LPath
Y187H,0.2209,LBen
Y187I,0.6855,LPath
Y187K,0.8807,LPath
Y187L,0.5022,Amb
Y187M,0.7949,LPath
Y187N,0.6068,LPath
Y187P,0.9753,LPath
Y187Q,0.737,LPath
Y187R,0.6801,LPath
Y187S,0.5534,Amb
Y187T,0.8592,LPath
Y187V,0.6182,LPath
Y187W,0.4024,Amb
Q188A,0.1971,LBen
Q188C,0.3368,LBen
Q188D,0.2911,LBen
Q188E,0.0802,LBen
Q188F,0.4059,Amb
Q188G,0.1818,LBen
Q188H,0.1059,LBen
Q188I,0.2755,LBen
Q188K,0.0858,LBen
Q188L,0.0862,LBen
Q188M,0.2873,LBen
Q188N,0.2131,LBen
Q188P,0.3565,Amb
Q188R,0.0717,LBen
Q188S,0.2236,LBen
Q188T,0.2026,LBen
Q188V,0.2039,LBen
Q188W,0.2803,LBen
Q188Y,0.2275,LBen
S189A,0.0584,LBen
S189C,0.095,LBen
S189D,0.3482,Amb
S189E,0.3612,Amb
S189F,0.1673,LBen
S189G,0.1004,LBen
S189H,0.3234,LBen
S189I,0.1852,LBen
S189K,0.5466,Amb
S189L,0.0775,LBen
S189M,0.1567,LBen
S189N,0.1847,LBen
S189P,0.588,LPath
S189Q,0.4125,Amb
S189R,0.5027,Amb
S189T,0.0776,LBen
S189V,0.153,LBen
S189W,0.2679,LBen
S189Y,0.1474,LBen
A190C,0.4982,Amb
A190D,0.672,LPath
A190E,0.576,LPath
A190F,0.7055,LPath
A190G,0.2181,LBen
A190H,0.7754,LPath
A190I,0.5228,Amb
A190K,0.7984,LPath
A190L,0.4902,Amb
A190M,0.4454,Amb
A190N,0.5662,LPath
A190P,0.8655,LPath
A190Q,0.646,LPath
A190R,0.674,LPath
A190S,0.1043,LBen
A190T,0.1421,LBen
A190V,0.2146,LBen
A190W,0.9154,LPath
A190Y,0.8211,LPath
D191A,0.0729,LBen
D191C,0.2025,LBen
D191E,0.1065,LBen
D191F,0.2682,LBen
D191G,0.066,LBen
D191H,0.1156,LBen
D191I,0.1623,LBen
D191K,0.1516,LBen
D191L,0.1649,LBen
D191M,0.3361,LBen
D191N,0.0699,LBen
D191P,0.3418,Amb
D191Q,0.1372,LBen
D191R,0.1408,LBen
D191S,0.0686,LBen
D191T,0.1208,LBen
D191V,0.1038,LBen
D191W,0.5901,LPath
D191Y,0.1161,LBen
C192A,0.4569,Amb
C192D,0.8313,LPath
C192E,0.9175,LPath
C192F,0.3419,Amb
C192G,0.2439,LBen
C192H,0.7398,LPath
C192I,0.4329,Amb
C192K,0.9294,LPath
C192L,0.5471,Amb
C192M,0.7756,LPath
C192N,0.6666,LPath
C192P,0.6243,LPath
C192Q,0.8487,LPath
C192R,0.6638,LPath
C192S,0.2947,LBen
C192T,0.4586,Amb
C192V,0.3628,Amb
C192W,0.7285,LPath
C192Y,0.5303,Amb
S193A,0.0659,LBen
S193C,0.0812,LBen
S193D,0.2245,LBen
S193E,0.2665,LBen
S193F,0.1248,LBen
S193G,0.0812,LBen
S193H,0.1921,LBen
S193I,0.1254,LBen
S193K,0.2978,LBen
S193L,0.0721,LBen
S193M,0.1571,LBen
S193N,0.1268,LBen
S193P,0.126,LBen
S193Q,0.2758,LBen
S193R,0.2312,LBen
S193T,0.0729,LBen
S193V,0.1205,LBen
S193W,0.1575,LBen
S193Y,0.1237,LBen
D194A,0.1096,LBen
D194C,0.2429,LBen
D194E,0.1671,LBen
D194F,0.4002,Amb
D194G,0.0951,LBen
D194H,0.137,LBen
D194I,0.2576,LBen
D194K,0.2539,LBen
D194L,0.2501,LBen
D194M,0.4133,Amb
D194N,0.0666,LBen
D194P,0.5927,LPath
D194Q,0.2471,LBen
D194R,0.2462,LBen
D194S,0.0693,LBen
D194T,0.1179,LBen
D194V,0.1579,LBen
D194W,0.715,LPath
D194Y,0.1647,LBen
A195C,0.3166,LBen
A195D,0.1985,LBen
A195E,0.2026,LBen
A195F,0.2976,LBen
A195G,0.1175,LBen
A195H,0.3714,Amb
A195I,0.1672,LBen
A195K,0.294,LBen
A195L,0.1736,LBen
A195M,0.1901,LBen
A195N,0.2092,LBen
A195P,0.1104,LBen
A195Q,0.2732,LBen
A195R,0.2554,LBen
A195S,0.093,LBen
A195T,0.0747,LBen
A195V,0.1013,LBen
A195W,0.5651,LPath
A195Y,0.3725,Amb
N196A,0.1032,LBen
N196C,0.1154,LBen
N196D,0.0953,LBen
N196E,0.2329,LBen
N196F,0.3858,Amb
N196G,0.1198,LBen
N196H,0.0739,LBen
N196I,0.1392,LBen
N196K,0.1258,LBen
N196L,0.164,LBen
N196M,0.2184,LBen
N196P,0.3369,LBen
N196Q,0.1828,LBen
N196R,0.1321,LBen
N196S,0.0512,LBen
N196T,0.0732,LBen
N196V,0.1258,LBen
N196W,0.511,Amb
N196Y,0.121,LBen
D197A,0.3801,Amb
D197C,0.7964,LPath
D197E,0.3125,LBen
D197F,0.9268,LPath
D197G,0.4356,Amb
D197H,0.5688,LPath
D197I,0.7851,LPath
D197K,0.7656,LPath
D197L,0.8254,LPath
D197M,0.8962,LPath
D197N,0.2354,LBen
D197P,0.9534,LPath
D197Q,0.6661,LPath
D197R,0.812,LPath
D197S,0.2774,LBen
D197T,0.5533,Amb
D197V,0.5687,LPath
D197W,0.9798,LPath
D197Y,0.6365,LPath
A198C,0.5813,LPath
A198D,0.8618,LPath
A198E,0.8311,LPath
A198F,0.729,LPath
A198G,0.2475,LBen
A198H,0.8808,LPath
A198I,0.5403,Amb
A198K,0.911,LPath
A198L,0.4835,Amb
A198M,0.5144,Amb
A198N,0.7771,LPath
A198P,0.8294,LPath
A198Q,0.8253,LPath
A198R,0.8334,LPath
A198S,0.1671,LBen
A198T,0.2207,LBen
A198V,0.2741,LBen
A198W,0.9553,LPath
A198Y,0.8513,LPath
L199A,0.5996,LPath
L199C,0.7093,LPath
L199D,0.9931,LPath
L199E,0.9642,LPath
L199F,0.2587,LBen
L199G,0.9053,LPath
L199H,0.924,LPath
L199I,0.1357,LBen
L199K,0.9685,LPath
L199M,0.16,LBen
L199N,0.9543,LPath
L199P,0.972,LPath
L199Q,0.8678,LPath
L199R,0.9363,LPath
L199S,0.8156,LPath
L199T,0.5568,Amb
L199V,0.109,LBen
L199W,0.7977,LPath
L199Y,0.8781,LPath
I200A,0.273,LBen
I200C,0.7092,LPath
I200D,0.9735,LPath
I200E,0.9461,LPath
I200F,0.3018,LBen
I200G,0.7655,LPath
I200H,0.9093,LPath
I200K,0.9173,LPath
I200L,0.1766,LBen
I200M,0.1118,LBen
I200N,0.7029,LPath
I200P,0.8611,LPath
I200Q,0.8764,LPath
I200R,0.8551,LPath
I200S,0.4344,Amb
I200T,0.1395,LBen
I200V,0.0701,LBen
I200W,0.9122,LPath
I200Y,0.8485,LPath
V201A,0.6034,LPath
V201C,0.8716,LPath
V201D,0.9757,LPath
V201E,0.9511,LPath
V201F,0.6908,LPath
V201G,0.6968,LPath
V201H,0.9787,LPath
V201I,0.0893,LBen
V201K,0.9672,LPath
V201L,0.3743,Amb
V201M,0.3974,Amb
V201N,0.8966,LPath
V201P,0.9456,LPath
V201Q,0.9421,LPath
V201R,0.946,LPath
V201S,0.7419,LPath
V201T,0.5652,LPath
V201W,0.9894,LPath
V201Y,0.958,LPath
L202A,0.1544,LBen
L202C,0.406,Amb
L202D,0.9408,LPath
L202E,0.8302,LPath
L202F,0.3245,LBen
L202G,0.5035,Amb
L202H,0.7134,LPath
L202I,0.1033,LBen
L202K,0.9038,LPath
L202M,0.1361,LBen
L202N,0.6703,LPath
L202P,0.8709,LPath
L202Q,0.5637,Amb
L202R,0.8476,LPath
L202S,0.194,LBen
L202T,0.1846,LBen
L202V,0.0783,LBen
L202W,0.6946,LPath
L202Y,0.7871,LPath
I203A,0.6,LPath
I203C,0.6549,LPath
I203D,0.9737,LPath
I203E,0.9545,LPath
I203F,0.2755,LBen
I203G,0.8258,LPath
I203H,0.9113,LPath
I203K,0.9297,LPath
I203L,0.0732,LBen
I203M,0.1332,LBen
I203N,0.7389,LPath
I203P,0.9387,LPath
I203Q,0.8951,LPath
I203R,0.9013,LPath
I203S,0.6289,LPath
I203T,0.4686,Amb
I203V,0.0849,LBen
I203W,0.9148,LPath
I203Y,0.8334,LPath
H204A,0.9797,LPath
H204C,0.8547,LPath
H204D,0.9407,LPath
H204E,0.9756,LPath
H204F,0.9213,LPath
H204G,0.9724,LPath
H204I,0.9808,LPath
H204K,0.9867,LPath
H204L,0.8802,LPath
H204M,0.9836,LPath
H204N,0.5487,Amb
H204P,0.9437,LPath
H204Q,0.9306,LPath
H204R,0.9322,LPath
H204S,0.8655,LPath
H204T,0.9698,LPath
H204V,0.9765,LPath
H204W,0.9294,LPath
H204Y,0.6462,LPath
L205A,0.4697,Amb
L205C,0.5954,LPath
L205D,0.9693,LPath
L205E,0.7692,LPath
L205F,0.3494,Amb
L205G,0.7832,LPath
L205H,0.5906,LPath
L205I,0.1167,LBen
L205K,0.7966,LPath
L205M,0.1588,LBen
L205N,0.7644,LPath
L205P,0.9897,LPath
L205Q,0.3726,Amb
L205R,0.6515,LPath
L205S,0.5186,Amb
L205T,0.3861,Amb
L205V,0.0997,LBen
L205W,0.6573,LPath
L205Y,0.7234,LPath
L206A,0.8538,LPath
L206C,0.8696,LPath
L206D,0.9962,LPath
L206E,0.9798,LPath
L206F,0.5137,Amb
L206G,0.9719,LPath
L206H,0.9406,LPath
L206I,0.2327,LBen
L206K,0.9816,LPath
L206M,0.3038,LBen
L206N,0.9698,LPath
L206P,0.984,LPath
L206Q,0.9155,LPath
L206R,0.9622,LPath
L206S,0.9382,LPath
L206T,0.8569,LPath
L206V,0.3148,LBen
L206W,0.8955,LPath
L206Y,0.9394,LPath
M207A,0.8958,LPath
M207C,0.9149,LPath
M207D,0.9987,LPath
M207E,0.9883,LPath
M207F,0.5746,LPath
M207G,0.9668,LPath
M207H,0.9804,LPath
M207I,0.8898,LPath
M207K,0.9697,LPath
M207L,0.239,LBen
M207N,0.9834,LPath
M207P,0.9917,LPath
M207Q,0.9183,LPath
M207R,0.9721,LPath
M207S,0.9225,LPath
M207T,0.8544,LPath
M207V,0.4265,Amb
M207W,0.9712,LPath
M207Y,0.9605,LPath
L208A,0.3519,Amb
L208C,0.6111,LPath
L208D,0.9107,LPath
L208E,0.4961,Amb
L208F,0.3592,Amb
L208G,0.6827,LPath
L208H,0.4944,Amb
L208I,0.1119,LBen
L208K,0.4599,Amb
L208M,0.1014,LBen
L208N,0.6381,LPath
L208P,0.9558,LPath
L208Q,0.1988,LBen
L208R,0.3405,Amb
L208S,0.446,Amb
L208T,0.2493,LBen
L208V,0.0964,LBen
L208W,0.4535,Amb
L208Y,0.6859,LPath
E209A,0.9671,LPath
E209C,0.9941,LPath
E209D,0.9588,LPath
E209F,0.9984,LPath
E209G,0.9516,LPath
E209H,0.9929,LPath
E209I,0.9959,LPath
E209K,0.9768,LPath
E209L,0.9938,LPath
E209M,0.9956,LPath
E209N,0.9936,LPath
E209P,0.9971,LPath
E209Q,0.9251,LPath
E209R,0.9755,LPath
E209S,0.9759,LPath
E209T,0.9898,LPath
E209V,0.9864,LPath
E209W,0.9992,LPath
E209Y,0.996,LPath
S210A,0.0915,LBen
S210C,0.1266,LBen
S210D,0.9545,LPath
S210E,0.9599,LPath
S210F,0.7311,LPath
S210G,0.189,LBen
S210H,0.9327,LPath
S210I,0.6506,LPath
S210K,0.9938,LPath
S210L,0.2799,LBen
S210M,0.3984,Amb
S210N,0.6287,LPath
S210P,0.9696,LPath
S210Q,0.9554,LPath
S210R,0.9865,LPath
S210T,0.1052,LBen
S210V,0.4846,Amb
S210W,0.8543,LPath
S210Y,0.7336,LPath
G211A,0.7817,LPath
G211C,0.8594,LPath
G211D,0.9535,LPath
G211E,0.9717,LPath
G211F,0.9883,LPath
G211H,0.9826,LPath
G211I,0.9825,LPath
G211K,0.9867,LPath
G211L,0.9788,LPath
G211M,0.9875,LPath
G211N,0.9484,LPath
G211P,0.9968,LPath
G211Q,0.9674,LPath
G211R,0.9413,LPath
G211S,0.6473,LPath
G211T,0.9316,LPath
G211V,0.9605,LPath
G211W,0.9732,LPath
G211Y,0.9815,LPath
Y212A,0.9894,LPath
Y212C,0.7058,LPath
Y212D,0.9835,LPath
Y212E,0.9973,LPath
Y212F,0.1266,LBen
Y212G,0.9739,LPath
Y212H,0.9548,LPath
Y212I,0.9558,LPath
Y212K,0.9974,LPath
Y212L,0.8777,LPath
Y212M,0.9529,LPath
Y212N,0.9507,LPath
Y212P,0.9985,LPath
Y212Q,0.9966,LPath
Y212R,0.9929,LPath
Y212S,0.971,LPath
Y212T,0.9922,LPath
Y212V,0.9334,LPath
Y212W,0.7829,LPath
I213A,0.2056,LBen
I213C,0.4083,Amb
I213D,0.4917,Amb
I213E,0.2845,LBen
I213F,0.099,LBen
I213G,0.4497,Amb
I213H,0.2328,LBen
I213K,0.1439,LBen
I213L,0.0647,LBen
I213M,0.0617,LBen
I213N,0.1835,LBen
I213P,0.7849,LPath
I213Q,0.1725,LBen
I213R,0.1174,LBen
I213S,0.1803,LBen
I213T,0.1198,LBen
I213V,0.0727,LBen
I213W,0.458,Amb
I213Y,0.2865,LBen
P214A,0.1558,LBen
P214C,0.5001,Amb
P214D,0.9119,LPath
P214E,0.7309,LPath
P214F,0.6811,LPath
P214G,0.6101,LPath
P214H,0.4888,Amb
P214I,0.4169,Amb
P214K,0.8028,LPath
P214L,0.1751,LBen
P214M,0.5145,Amb
P214N,0.76,LPath
P214Q,0.4768,Amb
P214R,0.5738,LPath
P214S,0.2946,LBen
P214T,0.2295,LBen
P214V,0.303,LBen
P214W,0.8173,LPath
P214Y,0.7232,LPath
Q215A,0.1851,LBen
Q215C,0.4636,Amb
Q215D,0.3771,Amb
Q215E,0.0777,LBen
Q215F,0.5598,Amb
Q215G,0.2287,LBen
Q215H,0.2258,LBen
Q215I,0.2869,LBen
Q215K,0.0883,LBen
Q215L,0.0955,LBen
Q215M,0.2742,LBen
Q215N,0.3241,LBen
Q215P,0.213,LBen
Q215R,0.0943,LBen
Q215S,0.248,LBen
Q215T,0.2102,LBen
Q215V,0.1817,LBen
Q215W,0.3828,Amb
Q215Y,0.3925,Amb
G216A,0.1849,LBen
G216C,0.2495,LBen
G216D,0.1675,LBen
G216E,0.1973,LBen
G216F,0.5812,LPath
G216H,0.4695,Amb
G216I,0.3583,Amb
G216K,0.4851,Amb
G216L,0.4888,Amb
G216M,0.5143,Amb
G216N,0.2984,LBen
G216P,0.8129,LPath
G216Q,0.3769,Amb
G216R,0.3741,Amb
G216S,0.1531,LBen
G216T,0.2527,LBen
G216V,0.2223,LBen
G216W,0.4647,Amb
G216Y,0.439,Amb
T217A,0.0839,LBen
T217C,0.3317,LBen
T217D,0.2777,LBen
T217E,0.2156,LBen
T217F,0.2348,LBen
T217G,0.1933,LBen
T217H,0.2429,LBen
T217I,0.1567,LBen
T217K,0.1677,LBen
T217L,0.1096,LBen
T217M,0.0888,LBen
T217N,0.1163,LBen
T217P,0.1046,LBen
T217Q,0.198,LBen
T217R,0.1378,LBen
T217S,0.1103,LBen
T217V,0.1368,LBen
T217W,0.4871,Amb
T217Y,0.2995,LBen
E218A,0.1192,LBen
E218C,0.7705,LPath
E218D,0.1376,LBen
E218F,0.7022,LPath
E218G,0.1183,LBen
E218H,0.4142,Amb
E218I,0.357,Amb
E218K,0.1187,LBen
E218L,0.3527,Amb
E218M,0.397,Amb
E218N,0.2586,LBen
E218P,0.4071,Amb
E218Q,0.1432,LBen
E218R,0.2072,LBen
E218S,0.185,LBen
E218T,0.1981,LBen
E218V,0.1827,LBen
E218W,0.8448,LPath
E218Y,0.565,LPath
A219C,0.4258,Amb
A219D,0.2049,LBen
A219E,0.1837,LBen
A219F,0.3185,LBen
A219G,0.105,LBen
A219H,0.4772,Amb
A219I,0.2475,LBen
A219K,0.3704,Amb
A219L,0.1917,LBen
A219M,0.2061,LBen
A219N,0.2092,LBen
A219P,0.2366,LBen
A219Q,0.301,LBen
A219R,0.3404,Amb
A219S,0.0927,LBen
A219T,0.08,LBen
A219V,0.117,LBen
A219W,0.6415,LPath
A219Y,0.4342,Amb
K220A,0.3095,LBen
K220C,0.7552,LPath
K220D,0.5518,Amb
K220E,0.1713,LBen
K220F,0.8138,LPath
K220G,0.3901,Amb
K220H,0.4154,Amb
K220I,0.4471,Amb
K220L,0.4138,Amb
K220M,0.2821,LBen
K220N,0.4792,Amb
K220P,0.6106,LPath
K220Q,0.1734,LBen
K220R,0.0875,LBen
K220S,0.4303,Amb
K220T,0.2068,LBen
K220V,0.3554,Amb
K220W,0.8135,LPath
K220Y,0.6985,LPath
A221C,0.3976,Amb
A221D,0.2516,LBen
A221E,0.2573,LBen
A221F,0.2574,LBen
A221G,0.1046,LBen
A221H,0.4616,Amb
A221I,0.2038,LBen
A221K,0.4819,Amb
A221L,0.1584,LBen
A221M,0.1986,LBen
A221N,0.2152,LBen
A221P,0.1427,LBen
A221Q,0.3594,Amb
A221R,0.4267,Amb
A221S,0.0917,LBen
A221T,0.0891,LBen
A221V,0.099,LBen
A221W,0.6492,LPath
A221Y,0.3998,Amb
L222A,0.1001,LBen
L222C,0.2739,LBen
L222D,0.3412,Amb
L222E,0.1909,LBen
L222F,0.0861,LBen
L222G,0.18,LBen
L222H,0.1557,LBen
L222I,0.0733,LBen
L222K,0.1775,LBen
L222M,0.0739,LBen
L222N,0.1787,LBen
L222P,0.1404,LBen
L222Q,0.1039,LBen
L222R,0.1322,LBen
L222S,0.1033,LBen
L222T,0.1051,LBen
L222V,0.0622,LBen
L222W,0.1469,LBen
L222Y,0.2232,LBen
S223A,0.0664,LBen
S223C,0.0711,LBen
S223D,0.277,LBen
S223E,0.3091,LBen
S223F,0.1093,LBen
S223G,0.0988,LBen
S223H,0.2268,LBen
S223I,0.1157,LBen
S223K,0.4344,Amb
S223L,0.0733,LBen
S223M,0.1555,LBen
S223N,0.1343,LBen
S223P,0.2763,LBen
S223Q,0.3146,LBen
S223R,0.3388,LBen
S223T,0.0751,LBen
S223V,0.1056,LBen
S223W,0.1844,LBen
S223Y,0.1129,LBen
M224A,0.9045,LPath
M224C,0.9565,LPath
M224D,0.9959,LPath
M224E,0.9783,LPath
M224F,0.5807,LPath
M224G,0.9719,LPath
M224H,0.9715,LPath
M224I,0.7765,LPath
M224K,0.8838,LPath
M224L,0.2934,LBen
M224N,0.9782,LPath
M224P,0.8892,LPath
M224Q,0.8966,LPath
M224R,0.896,LPath
M224S,0.9405,LPath
M224T,0.8958,LPath
M224V,0.2679,LBen
M224W,0.95,LPath
M224Y,0.9465,LPath
P225A,0.4284,Amb
P225C,0.9233,LPath
P225D,0.9438,LPath
P225E,0.8765,LPath
P225F,0.9509,LPath
P225G,0.7953,LPath
P225H,0.8493,LPath
P225I,0.8562,LPath
P225K,0.9247,LPath
P225L,0.4763,Amb
P225M,0.8124,LPath
P225N,0.9321,LPath
P225Q,0.7962,LPath
P225R,0.8346,LPath
P225S,0.7139,LPath
P225T,0.5864,LPath
P225V,0.7251,LPath
P225W,0.9642,LPath
P225Y,0.9533,LPath
E226A,0.1222,LBen
E226C,0.6693,LPath
E226D,0.1081,LBen
E226F,0.6297,LPath
E226G,0.0866,LBen
E226H,0.3109,LBen
E226I,0.3297,LBen
E226K,0.1014,LBen
E226L,0.2967,LBen
E226M,0.3798,Amb
E226N,0.1959,LBen
E226P,0.3014,LBen
E226Q,0.1051,LBen
E226R,0.1484,LBen
E226S,0.1465,LBen
E226T,0.203,LBen
E226V,0.1831,LBen
E226W,0.7159,LPath
E226Y,0.4804,Amb
K227A,0.1443,LBen
K227C,0.3695,Amb
K227D,0.1711,LBen
K227E,0.0905,LBen
K227F,0.4685,Amb
K227G,0.1379,LBen
K227H,0.1663,LBen
K227I,0.228,LBen
K227L,0.1929,LBen
K227M,0.1218,LBen
K227N,0.0993,LBen
K227P,0.3851,Amb
K227Q,0.0865,LBen
K227R,0.0796,LBen
K227S,0.1386,LBen
K227T,0.0901,LBen
K227V,0.1983,LBen
K227W,0.5251,Amb
K227Y,0.2907,LBen
W228A,0.9178,LPath
W228C,0.9329,LPath
W228D,0.9881,LPath
W228E,0.9856,LPath
W228F,0.6904,LPath
W228G,0.7297,LPath
W228H,0.9755,LPath
W228I,0.9381,LPath
W228K,0.9936,LPath
W228L,0.8624,LPath
W228M,0.9322,LPath
W228N,0.9815,LPath
W228P,0.9828,LPath
W228Q,0.9876,LPath
W228R,0.9871,LPath
W228S,0.8875,LPath
W228T,0.9411,LPath
W228V,0.9033,LPath
W228Y,0.737,LPath
K229A,0.546,Amb
K229C,0.6248,LPath
K229D,0.8229,LPath
K229E,0.3433,Amb
K229F,0.7783,LPath
K229G,0.5925,LPath
K229H,0.3239,LBen
K229I,0.4214,Amb
K229L,0.3755,Amb
K229M,0.2711,LBen
K229N,0.5423,Amb
K229P,0.8659,LPath
K229Q,0.1507,LBen
K229R,0.0677,LBen
K229S,0.5915,LPath
K229T,0.3307,LBen
K229V,0.3989,Amb
K229W,0.7386,LPath
K229Y,0.6108,LPath
L230A,0.0713,LBen
L230C,0.1597,LBen
L230D,0.2256,LBen
L230E,0.1459,LBen
L230F,0.084,LBen
L230G,0.1387,LBen
L230H,0.0912,LBen
L230I,0.0765,LBen
L230K,0.1333,LBen
L230M,0.076,LBen
L230N,0.1124,LBen
L230P,0.2699,LBen
L230Q,0.0727,LBen
L230R,0.097,LBen
L230S,0.0669,LBen
L230T,0.0809,LBen
L230V,0.0639,LBen
L230W,0.1135,LBen
L230Y,0.1388,LBen
S231A,0.0769,LBen
S231C,0.0731,LBen
S231D,0.2076,LBen
S231E,0.3182,LBen
S231F,0.2174,LBen
S231G,0.0501,LBen
S231H,0.1994,LBen
S231I,0.1689,LBen
S231K,0.3405,Amb
S231L,0.1159,LBen
S231M,0.1986,LBen
S231N,0.0872,LBen
S231P,0.1124,LBen
S231Q,0.2842,LBen
S231R,0.2507,LBen
S231T,0.0876,LBen
S231V,0.1866,LBen
S231W,0.2583,LBen
S231Y,0.1678,LBen
G232A,0.2124,LBen
G232C,0.2963,LBen
G232D,0.3642,Amb
G232E,0.4497,Amb
G232F,0.7887,LPath
G232H,0.5427,Amb
G232I,0.646,LPath
G232K,0.6179,LPath
G232L,0.704,LPath
G232M,0.6986,LPath
G232N,0.387,Amb
G232P,0.8787,LPath
G232Q,0.5057,Amb
G232R,0.4014,Amb
G232S,0.1278,LBen
G232T,0.2903,LBen
G232V,0.4521,Amb
G232W,0.6345,LPath
G232Y,0.672,LPath
V233A,0.2998,LBen
V233C,0.6938,LPath
V233D,0.73,LPath
V233E,0.6738,LPath
V233F,0.1784,LBen
V233G,0.2953,LBen
V233H,0.7712,LPath
V233I,0.0815,LBen
V233K,0.6982,LPath
V233L,0.2464,LBen
V233M,0.165,LBen
V233N,0.4794,Amb
V233P,0.8547,LPath
V233Q,0.6081,LPath
V233R,0.5996,LPath
V233S,0.3686,Amb
V233T,0.3283,LBen
V233W,0.8368,LPath
V233Y,0.5961,LPath
Y234A,0.8325,LPath
Y234C,0.1718,LBen
Y234D,0.923,LPath
Y234E,0.962,LPath
Y234F,0.1378,LBen
Y234G,0.7512,LPath
Y234H,0.4685,Amb
Y234I,0.8237,LPath
Y234K,0.9246,LPath
Y234L,0.73,LPath
Y234M,0.8568,LPath
Y234N,0.6635,LPath
Y234P,0.974,LPath
Y234Q,0.8506,LPath
Y234R,0.7719,LPath
Y234S,0.5923,LPath
Y234T,0.85,LPath
Y234V,0.6954,LPath
Y234W,0.5065,Amb
K235A,0.6427,LPath
K235C,0.7,LPath
K235D,0.8999,LPath
K235E,0.4533,Amb
K235F,0.9012,LPath
K235G,0.7265,LPath
K235H,0.3605,Amb
K235I,0.5428,Amb
K235L,0.5892,LPath
K235M,0.4189,Amb
K235N,0.7357,LPath
K235P,0.9563,LPath
K235Q,0.1858,LBen
K235R,0.0704,LBen
K235S,0.6585,LPath
K235T,0.3298,LBen
K235V,0.4908,Amb
K235W,0.8246,LPath
K235Y,0.7519,LPath
L236A,0.8291,LPath
L236C,0.7722,LPath
L236D,0.9927,LPath
L236E,0.9572,LPath
L236F,0.2336,LBen
L236G,0.9469,LPath
L236H,0.8689,LPath
L236I,0.1383,LBen
L236K,0.9355,LPath
L236M,0.1813,LBen
L236N,0.9535,LPath
L236P,0.9837,LPath
L236Q,0.8153,LPath
L236R,0.8725,LPath
L236S,0.9248,LPath
L236T,0.8211,LPath
L236V,0.1954,LBen
L236W,0.6089,LPath
L236Y,0.7358,LPath
Q237A,0.1903,LBen
Q237C,0.3129,LBen
Q237D,0.3133,LBen
Q237E,0.0909,LBen
Q237F,0.5123,Amb
Q237G,0.2214,LBen
Q237H,0.1167,LBen
Q237I,0.2926,LBen
Q237K,0.105,LBen
Q237L,0.1123,LBen
Q237M,0.3246,LBen
Q237N,0.1983,LBen
Q237P,0.131,LBen
Q237R,0.0905,LBen
Q237S,0.1949,LBen
Q237T,0.1768,LBen
Q237V,0.2081,LBen
Q237W,0.3176,LBen
Q237Y,0.2727,LBen
Y238A,0.9919,LPath
Y238C,0.9147,LPath
Y238D,0.9892,LPath
Y238E,0.9967,LPath
Y238F,0.4631,Amb
Y238G,0.9618,LPath
Y238H,0.9824,LPath
Y238I,0.9741,LPath
Y238K,0.9977,LPath
Y238L,0.8874,LPath
Y238M,0.979,LPath
Y238N,0.9719,LPath
Y238P,0.9958,LPath
Y238Q,0.9976,LPath
Y238R,0.9934,LPath
Y238S,0.9783,LPath
Y238T,0.9919,LPath
Y238V,0.9362,LPath
Y238W,0.9131,LPath
M239A,0.118,LBen
M239C,0.3562,Amb
M239D,0.4058,Amb
M239E,0.178,LBen
M239F,0.2043,LBen
M239G,0.2238,LBen
M239H,0.1971,LBen
M239I,0.1209,LBen
M239K,0.0817,LBen
M239L,0.0912,LBen
M239N,0.174,LBen
M239P,0.7553,LPath
M239Q,0.1074,LBen
M239R,0.0706,LBen
M239S,0.1121,LBen
M239T,0.0531,LBen
M239V,0.0609,LBen
M239W,0.3479,Amb
M239Y,0.3269,LBen
H240A,0.975,LPath
H240C,0.8208,LPath
H240D,0.9488,LPath
H240E,0.9771,LPath
H240F,0.8945,LPath
H240G,0.9823,LPath
H240I,0.9372,LPath
H240K,0.9896,LPath
H240L,0.584,LPath
H240M,0.9537,LPath
H240N,0.7382,LPath
H240P,0.6853,LPath
H240Q,0.959,LPath
H240R,0.9735,LPath
H240S,0.9238,LPath
H240T,0.9784,LPath
H240V,0.9513,LPath
H240W,0.9365,LPath
H240Y,0.6198,LPath
P241A,0.208,LBen
P241C,0.6578,LPath
P241D,0.7995,LPath
P241E,0.6075,LPath
P241F,0.6876,LPath
P241G,0.5915,LPath
P241H,0.3449,Amb
P241I,0.4888,Amb
P241K,0.617,LPath
P241L,0.2151,LBen
P241M,0.5526,Amb
P241N,0.6565,LPath
P241Q,0.3684,Amb
P241R,0.3408,Amb
P241S,0.2799,LBen
P241T,0.2323,LBen
P241V,0.3517,Amb
P241W,0.8022,LPath
P241Y,0.6679,LPath
L242A,0.4852,Amb
L242C,0.6925,LPath
L242D,0.8964,LPath
L242E,0.7577,LPath
L242F,0.2102,LBen
L242G,0.7667,LPath
L242H,0.4503,Amb
L242I,0.189,LBen
L242K,0.7499,LPath
L242M,0.2177,LBen
L242N,0.6882,LPath
L242P,0.8075,LPath
L242Q,0.4286,Amb
L242R,0.5419,Amb
L242S,0.497,Amb
L242T,0.5413,Amb
L242V,0.1897,LBen
L242W,0.4876,Amb
L242Y,0.5608,Amb
C243A,0.6986,LPath
C243D,0.962,LPath
C243E,0.98,LPath
C243F,0.6125,LPath
C243G,0.43,Amb
C243H,0.9329,LPath
C243I,0.7975,LPath
C243K,0.9877,LPath
C243L,0.6413,LPath
C243M,0.8533,LPath
C243N,0.9156,LPath
C243P,0.9713,LPath
C243Q,0.9577,LPath
C243R,0.9151,LPath
C243S,0.6365,LPath
C243T,0.7465,LPath
C243V,0.6748,LPath
C243W,0.869,LPath
C243Y,0.8018,LPath
E244A,0.1288,LBen
E244C,0.6196,LPath
E244D,0.1026,LBen
E244F,0.5911,LPath
E244G,0.0935,LBen
E244H,0.2887,LBen
E244I,0.3234,LBen
E244K,0.0993,LBen
E244L,0.3094,LBen
E244M,0.3793,Amb
E244N,0.1621,LBen
E244P,0.3176,LBen
E244Q,0.1165,LBen
E244R,0.1559,LBen
E244S,0.1338,LBen
E244T,0.1905,LBen
E244V,0.187,LBen
E244W,0.7453,LPath
E244Y,0.4328,Amb
G245A,0.1255,LBen
G245C,0.1862,LBen
G245D,0.1,LBen
G245E,0.1394,LBen
G245F,0.4058,Amb
G245H,0.27,LBen
G245I,0.2453,LBen
G245K,0.3119,LBen
G245L,0.3733,Amb
G245M,0.3892,Amb
G245N,0.1572,LBen
G245P,0.7039,LPath
G245Q,0.2456,LBen
G245R,0.2422,LBen
G245S,0.0976,LBen
G245T,0.1447,LBen
G245V,0.168,LBen
G245W,0.3297,LBen
G245Y,0.264,LBen
S246A,0.1093,LBen
S246C,0.0833,LBen
S246D,0.5956,LPath
S246E,0.723,LPath
S246F,0.4467,Amb
S246G,0.0576,LBen
S246H,0.5483,Amb
S246I,0.1714,LBen
S246K,0.8477,LPath
S246L,0.2601,LBen
S246M,0.341,Amb
S246N,0.2435,LBen
S246P,0.6348,LPath
S246Q,0.6902,LPath
S246R,0.7596,LPath
S246T,0.1145,LBen
S246V,0.1866,LBen
S246W,0.6089,LPath
S246Y,0.3911,Amb
S247A,0.0735,LBen
S247C,0.0773,LBen
S247D,0.3124,LBen
S247E,0.3508,Amb
S247F,0.0867,LBen
S247G,0.1073,LBen
S247H,0.2218,LBen
S247I,0.0992,LBen
S247K,0.4285,Amb
S247L,0.0755,LBen
S247M,0.1414,LBen
S247N,0.1343,LBen
S247P,0.3286,LBen
S247Q,0.3554,Amb
S247R,0.3396,LBen
S247T,0.0687,LBen
S247V,0.0989,LBen
S247W,0.1794,LBen
S247Y,0.1003,LBen
A248C,0.5231,Amb
A248D,0.9248,LPath
A248E,0.8954,LPath
A248F,0.5877,LPath
A248G,0.3066,LBen
A248H,0.9273,LPath
A248I,0.3538,Amb
A248K,0.9655,LPath
A248L,0.3567,Amb
A248M,0.3764,Amb
A248N,0.8133,LPath
A248P,0.8611,LPath
A248Q,0.8812,LPath
A248R,0.9317,LPath
A248S,0.1852,LBen
A248T,0.1333,LBen
A248V,0.1478,LBen
A248W,0.9532,LPath
A248Y,0.8564,LPath
T249A,0.0596,LBen
T249C,0.2501,LBen
T249D,0.4142,Amb
T249E,0.3516,Amb
T249F,0.1651,LBen
T249G,0.1529,LBen
T249H,0.2598,LBen
T249I,0.1021,LBen
T249K,0.2967,LBen
T249L,0.0829,LBen
T249M,0.0739,LBen
T249N,0.1274,LBen
T249P,0.4407,Amb
T249Q,0.2441,LBen
T249R,0.2231,LBen
T249S,0.0895,LBen
T249V,0.0827,LBen
T249W,0.5015,Amb
T249Y,0.2161,LBen
L250A,0.7132,LPath
L250C,0.7737,LPath
L250D,0.9964,LPath
L250E,0.9741,LPath
L250F,0.3502,Amb
L250G,0.9571,LPath
L250H,0.9518,LPath
L250I,0.0834,LBen
L250K,0.9789,LPath
L250M,0.1576,LBen
L250N,0.978,LPath
L250P,0.9841,LPath
L250Q,0.9138,LPath
L250R,0.9558,LPath
L250S,0.9147,LPath
L250T,0.7678,LPath
L250V,0.0765,LBen
L250W,0.8696,LPath
L250Y,0.9053,LPath
T251A,0.1164,LBen
T251C,0.4279,Amb
T251D,0.8771,LPath
T251E,0.8417,LPath
T251F,0.3841,Amb
T251G,0.4838,Amb
T251H,0.5122,Amb
T251I,0.1607,LBen
T251K,0.6741,LPath
T251L,0.1199,LBen
T251M,0.1126,LBen
T251N,0.3199,LBen
T251P,0.5633,Amb
T251Q,0.5798,LPath
T251R,0.5247,Amb
T251S,0.2051,LBen
T251V,0.1452,LBen
T251W,0.7867,LPath
T251Y,0.4858,Amb
C252A,0.4278,Amb
C252D,0.9947,LPath
C252E,0.9978,LPath
C252F,0.468,Amb
C252G,0.3307,LBen
C252H,0.9832,LPath
C252I,0.663,LPath
C252K,0.9989,LPath
C252L,0.6313,LPath
C252M,0.7908,LPath
C252N,0.9728,LPath
C252P,0.9957,LPath
C252Q,0.9922,LPath
C252R,0.9862,LPath
C252S,0.5252,Amb
C252T,0.6892,LPath
C252V,0.4787,Amb
C252W,0.934,LPath
C252Y,0.8623,LPath
V253A,0.765,LPath
V253C,0.9341,LPath
V253D,0.981,LPath
V253E,0.9433,LPath
V253F,0.4387,Amb
V253G,0.8513,LPath
V253H,0.9555,LPath
V253I,0.0966,LBen
V253K,0.936,LPath
V253L,0.3821,Amb
V253M,0.3156,LBen
V253N,0.9107,LPath
V253P,0.9842,LPath
V253Q,0.8873,LPath
V253R,0.8846,LPath
V253S,0.8072,LPath
V253T,0.727,LPath
V253W,0.9727,LPath
V253Y,0.912,LPath
P254A,0.1768,LBen
P254C,0.5982,LPath
P254D,0.8162,LPath
P254E,0.6824,LPath
P254F,0.7425,LPath
P254G,0.5287,Amb
P254H,0.4098,Amb
P254I,0.5428,Amb
P254K,0.6093,LPath
P254L,0.2377,LBen
P254M,0.5598,Amb
P254N,0.6212,LPath
P254Q,0.3861,Amb
P254R,0.3831,Amb
P254S,0.2463,LBen
P254T,0.1993,LBen
P254V,0.3859,Amb
P254W,0.8376,LPath
P254Y,0.7199,LPath
L255A,0.5768,LPath
L255C,0.8,LPath
L255D,0.9756,LPath
L255E,0.8857,LPath
L255F,0.3224,LBen
L255G,0.8759,LPath
L255H,0.6876,LPath
L255I,0.1993,LBen
L255K,0.7815,LPath
L255M,0.1323,LBen
L255N,0.895,LPath
L255P,0.9131,LPath
L255Q,0.5559,Amb
L255R,0.6335,LPath
L255S,0.6897,LPath
L255T,0.5373,Amb
L255V,0.1824,LBen
L255W,0.6081,LPath
L255Y,0.8003,LPath
G256A,0.3553,Amb
G256C,0.5152,Amb
G256D,0.479,Amb
G256E,0.459,Amb
G256F,0.9195,LPath
G256H,0.7348,LPath
G256I,0.8911,LPath
G256K,0.7041,LPath
G256L,0.8479,LPath
G256M,0.8679,LPath
G256N,0.5704,LPath
G256P,0.9681,LPath
G256Q,0.5538,Amb
G256R,0.5575,Amb
G256S,0.2269,LBen
G256T,0.598,LPath
G256V,0.7622,LPath
G256W,0.7964,LPath
G256Y,0.836,LPath
N257A,0.1572,LBen
N257C,0.1905,LBen
N257D,0.0918,LBen
N257E,0.2125,LBen
N257F,0.4655,Amb
N257G,0.1685,LBen
N257H,0.0837,LBen
N257I,0.2295,LBen
N257K,0.1255,LBen
N257L,0.2251,LBen
N257M,0.2727,LBen
N257P,0.2677,LBen
N257Q,0.1893,LBen
N257R,0.1506,LBen
N257S,0.0709,LBen
N257T,0.0994,LBen
N257V,0.2242,LBen
N257W,0.645,LPath
N257Y,0.1577,LBen
L258A,0.3413,Amb
L258C,0.4117,Amb
L258D,0.7966,LPath
L258E,0.509,Amb
L258F,0.1351,LBen
L258G,0.6208,LPath
L258H,0.2174,LBen
L258I,0.1055,LBen
L258K,0.3089,LBen
L258M,0.102,LBen
L258N,0.4507,Amb
L258P,0.9183,LPath
L258Q,0.1831,LBen
L258R,0.1954,LBen
L258S,0.3578,Amb
L258T,0.2422,LBen
L258V,0.0989,LBen
L258W,0.2703,LBen
L258Y,0.3229,LBen
I259A,0.2869,LBen
I259C,0.6693,LPath
I259D,0.9402,LPath
I259E,0.8776,LPath
I259F,0.218,LBen
I259G,0.7671,LPath
I259H,0.7794,LPath
I259K,0.7637,LPath
I259L,0.102,LBen
I259M,0.0808,LBen
I259N,0.6166,LPath
I259P,0.9028,LPath
I259Q,0.7269,LPath
I259R,0.6648,LPath
I259S,0.4194,Amb
I259T,0.1427,LBen
I259V,0.0668,LBen
I259W,0.8283,LPath
I259Y,0.6978,LPath
V260A,0.2723,LBen
V260C,0.8318,LPath
V260D,0.8927,LPath
V260E,0.8279,LPath
V260F,0.3606,Amb
V260G,0.5556,Amb
V260H,0.9069,LPath
V260I,0.0881,LBen
V260K,0.9024,LPath
V260L,0.3786,Amb
V260M,0.2334,LBen
V260N,0.7249,LPath
V260P,0.953,LPath
V260Q,0.805,LPath
V260R,0.8301,LPath
V260S,0.4066,Amb
V260T,0.3074,LBen
V260W,0.9504,LPath
V260Y,0.8475,LPath
V261A,0.5538,Amb
V261C,0.8217,LPath
V261D,0.9723,LPath
V261E,0.9568,LPath
V261F,0.411,Amb
V261G,0.7098,LPath
V261H,0.9813,LPath
V261I,0.0723,LBen
V261K,0.9772,LPath
V261L,0.287,LBen
V261M,0.2966,LBen
V261N,0.9231,LPath
V261P,0.971,LPath
V261Q,0.9519,LPath
V261R,0.9627,LPath
V261S,0.7836,LPath
V261T,0.6603,LPath
V261W,0.9641,LPath
V261Y,0.9177,LPath
N262A,0.7541,LPath
N262C,0.5723,LPath
N262D,0.744,LPath
N262E,0.9445,LPath
N262F,0.8487,LPath
N262G,0.7399,LPath
N262H,0.2938,LBen
N262I,0.6698,LPath
N262K,0.9002,LPath
N262L,0.6062,LPath
N262M,0.6747,LPath
N262P,0.9631,LPath
N262Q,0.8549,LPath
N262R,0.8702,LPath
N262S,0.1953,LBen
N262T,0.4435,Amb
N262V,0.6871,LPath
N262W,0.9408,LPath
N262Y,0.4538,Amb
A263C,0.5995,LPath
A263D,0.9676,LPath
A263E,0.9497,LPath
A263F,0.7523,LPath
A263G,0.2029,LBen
A263H,0.9703,LPath
A263I,0.4297,Amb
A263K,0.982,LPath
A263L,0.4609,Amb
A263M,0.4799,Amb
A263N,0.9106,LPath
A263P,0.9589,LPath
A263Q,0.9331,LPath
A263R,0.9596,LPath
A263S,0.2366,LBen
A263T,0.1945,LBen
A263V,0.1656,LBen
A263W,0.9759,LPath
A263Y,0.9167,LPath
T264A,0.1337,LBen
T264C,0.4913,Amb
T264D,0.8395,LPath
T264E,0.7489,LPath
T264F,0.3642,Amb
T264G,0.4702,Amb
T264H,0.4803,Amb
T264I,0.2304,LBen
T264K,0.541,Amb
T264L,0.1351,LBen
T264M,0.089,LBen
T264N,0.3217,LBen
T264P,0.6571,LPath
T264Q,0.4628,Amb
T264R,0.4281,Amb
T264S,0.1821,LBen
T264V,0.1571,LBen
T264W,0.7451,LPath
T264Y,0.5,Amb
L265A,0.4923,Amb
L265C,0.6376,LPath
L265D,0.9689,LPath
L265E,0.8058,LPath
L265F,0.3015,LBen
L265G,0.8294,LPath
L265H,0.6839,LPath
L265I,0.0931,LBen
L265K,0.8164,LPath
L265M,0.1291,LBen
L265N,0.8251,LPath
L265P,0.9326,LPath
L265Q,0.4881,Amb
L265R,0.6948,LPath
L265S,0.6426,LPath
L265T,0.4875,Amb
L265V,0.0886,LBen
L265W,0.6089,LPath
L265Y,0.7275,LPath
K266A,0.4683,Amb
K266C,0.6529,LPath
K266D,0.7094,LPath
K266E,0.2608,LBen
K266F,0.7802,LPath
K266G,0.5956,LPath
K266H,0.2917,LBen
K266I,0.4143,Amb
K266L,0.4229,Amb
K266M,0.2446,LBen
K266N,0.4774,Amb
K266P,0.8983,LPath
K266Q,0.1372,LBen
K266R,0.084,LBen
K266S,0.5042,Amb
K266T,0.2169,LBen
K266V,0.4069,Amb
K266W,0.7132,LPath
K266Y,0.6091,LPath
I267A,0.4407,Amb
I267C,0.5608,Amb
I267D,0.6137,LPath
I267E,0.5244,Amb
I267F,0.1404,LBen
I267G,0.5871,LPath
I267H,0.4703,Amb
I267K,0.3671,Amb
I267L,0.1148,LBen
I267M,0.0853,LBen
I267N,0.2315,LBen
I267P,0.8119,LPath
I267Q,0.396,Amb
I267R,0.2814,LBen
I267S,0.319,LBen
I267T,0.3117,LBen
I267V,0.1009,LBen
I267W,0.5728,LPath
I267Y,0.3798,Amb
N268A,0.1636,LBen
N268C,0.1532,LBen
N268D,0.0782,LBen
N268E,0.2375,LBen
N268F,0.4763,Amb
N268G,0.1366,LBen
N268H,0.0862,LBen
N268I,0.2592,LBen
N268K,0.187,LBen
N268L,0.2564,LBen
N268M,0.3209,LBen
N268P,0.4062,Amb
N268Q,0.2045,LBen
N268R,0.1849,LBen
N268S,0.0672,LBen
N268T,0.1231,LBen
N268V,0.2581,LBen
N268W,0.6043,LPath
N268Y,0.1637,LBen
N269A,0.102,LBen
N269C,0.122,LBen
N269D,0.0681,LBen
N269E,0.1479,LBen
N269F,0.3694,Amb
N269G,0.0971,LBen
N269H,0.0732,LBen
N269I,0.1783,LBen
N269K,0.1206,LBen
N269L,0.171,LBen
N269M,0.2071,LBen
N269P,0.3222,LBen
N269Q,0.1471,LBen
N269R,0.1298,LBen
N269S,0.0536,LBen
N269T,0.0737,LBen
N269V,0.1628,LBen
N269W,0.4949,Amb
N269Y,0.1274,LBen
E270A,0.1501,LBen
E270C,0.7197,LPath
E270D,0.1003,LBen
E270F,0.6812,LPath
E270G,0.1431,LBen
E270H,0.3215,LBen
E270I,0.3294,LBen
E270K,0.1153,LBen
E270L,0.4057,Amb
E270M,0.4115,Amb
E270N,0.1819,LBen
E270P,0.7623,LPath
E270Q,0.1224,LBen
E270R,0.197,LBen
E270S,0.1709,LBen
E270T,0.1744,LBen
E270V,0.199,LBen
E270W,0.8406,LPath
E270Y,0.5131,Amb
I271A,0.4429,Amb
I271C,0.5842,LPath
I271D,0.6749,LPath
I271E,0.5624,Amb
I271F,0.1408,LBen
I271G,0.6107,LPath
I271H,0.4945,Amb
I271K,0.3946,Amb
I271L,0.1043,LBen
I271M,0.0863,LBen
I271N,0.262,LBen
I271P,0.6303,LPath
I271Q,0.4286,Amb
I271R,0.3099,LBen
I271S,0.3557,Amb
I271T,0.3466,Amb
I271V,0.1029,LBen
I271W,0.5865,LPath
I271Y,0.3967,Amb
R272A,0.2331,LBen
R272C,0.1325,LBen
R272D,0.5306,Amb
R272E,0.2469,LBen
R272F,0.3557,Amb
R272G,0.1635,LBen
R272H,0.1079,LBen
R272I,0.1356,LBen
R272K,0.0776,LBen
R272L,0.1694,LBen
R272M,0.1501,LBen
R272N,0.3783,Amb
R272P,0.6382,LPath
R272Q,0.0897,LBen
R272S,0.2732,LBen
R272T,0.1118,LBen
R272V,0.1905,LBen
R272W,0.1407,LBen
R272Y,0.2776,LBen
S273A,0.1153,LBen
S273C,0.1059,LBen
S273D,0.4983,Amb
S273E,0.6936,LPath
S273F,0.3593,Amb
S273G,0.0852,LBen
S273H,0.444,Amb
S273I,0.2087,LBen
S273K,0.7933,LPath
S273L,0.1798,LBen
S273M,0.2489,LBen
S273N,0.1284,LBen
S273P,0.2425,LBen
S273Q,0.646,LPath
S273R,0.7316,LPath
S273T,0.1024,LBen
S273V,0.2341,LBen
S273W,0.4721,Amb
S273Y,0.3036,LBen
V274A,0.3043,LBen
V274C,0.8012,LPath
V274D,0.7446,LPath
V274E,0.6236,LPath
V274F,0.3159,LBen
V274G,0.38,Amb
V274H,0.8493,LPath
V274I,0.102,LBen
V274K,0.7245,LPath
V274L,0.4116,Amb
V274M,0.2306,LBen
V274N,0.5762,LPath
V274P,0.7896,LPath
V274Q,0.6149,LPath
V274R,0.6596,LPath
V274S,0.3842,Amb
V274T,0.3397,LBen
V274W,0.927,LPath
V274Y,0.8036,LPath
K275A,0.5378,Amb
K275C,0.6928,LPath
K275D,0.7839,LPath
K275E,0.2943,LBen
K275F,0.8603,LPath
K275G,0.5564,Amb
K275H,0.3669,Amb
K275I,0.6352,LPath
K275L,0.5113,Amb
K275M,0.3941,Amb
K275N,0.545,Amb
K275P,0.812,LPath
K275Q,0.1695,LBen
K275R,0.0841,LBen
K275S,0.5443,Amb
K275T,0.3124,LBen
K275V,0.568,LPath
K275W,0.7966,LPath
K275Y,0.7042,LPath
R276A,0.47,Amb
R276C,0.2063,LBen
R276D,0.8072,LPath
R276E,0.511,Amb
R276F,0.6937,LPath
R276G,0.2793,LBen
R276H,0.1465,LBen
R276I,0.3343,LBen
R276K,0.0991,LBen
R276L,0.3726,Amb
R276M,0.2859,LBen
R276N,0.6029,LPath
R276P,0.766,LPath
R276Q,0.1299,LBen
R276S,0.4624,Amb
R276T,0.227,LBen
R276V,0.4132,Amb
R276W,0.2644,LBen
R276Y,0.5161,Amb
L277A,0.6085,LPath
L277C,0.6255,LPath
L277D,0.9681,LPath
L277E,0.8115,LPath
L277F,0.2623,LBen
L277G,0.8602,LPath
L277H,0.6053,LPath
L277I,0.095,LBen
L277K,0.7011,LPath
L277M,0.1653,LBen
L277N,0.8407,LPath
L277P,0.9403,LPath
L277Q,0.4773,Amb
L277R,0.5763,LPath
L277S,0.7532,LPath
L277T,0.5817,LPath
L277V,0.1123,LBen
L277W,0.5095,Amb
L277Y,0.644,LPath
Q278A,0.4115,Amb
Q278C,0.7583,LPath
Q278D,0.8245,LPath
Q278E,0.2004,LBen
Q278F,0.8805,LPath
Q278G,0.596,LPath
Q278H,0.4832,Amb
Q278I,0.5681,LPath
Q278K,0.2636,LBen
Q278L,0.2313,LBen
Q278M,0.5129,Amb
Q278N,0.5641,LPath
Q278P,0.3247,LBen
Q278R,0.2631,LBen
Q278S,0.4301,Amb
Q278T,0.3689,Amb
Q278V,0.3762,Amb
Q278W,0.8456,LPath
Q278Y,0.7477,LPath
L279A,0.9165,LPath
L279C,0.8404,LPath
L279D,0.9971,LPath
L279E,0.9866,LPath
L279F,0.3368,LBen
L279G,0.9791,LPath
L279H,0.9492,LPath
L279I,0.1412,LBen
L279K,0.9765,LPath
L279M,0.2613,LBen
L279N,0.9862,LPath
L279P,0.983,LPath
L279Q,0.9501,LPath
L279R,0.9487,LPath
L279S,0.9794,LPath
L279T,0.9405,LPath
L279V,0.1816,LBen
L279W,0.7995,LPath
L279Y,0.8441,LPath
L280A,0.1852,LBen
L280C,0.3451,Amb
L280D,0.5258,Amb
L280E,0.2502,LBen
L280F,0.1394,LBen
L280G,0.4291,Amb
L280H,0.129,LBen
L280I,0.1299,LBen
L280K,0.1384,LBen
L280M,0.1186,LBen
L280N,0.2798,LBen
L280P,0.2352,LBen
L280Q,0.0809,LBen
L280R,0.0962,LBen
L280S,0.1569,LBen
L280T,0.1924,LBen
L280V,0.1071,LBen
L280W,0.1958,LBen
L280Y,0.271,LBen
P281A,0.206,LBen
P281C,0.7376,LPath
P281D,0.9568,LPath
P281E,0.8269,LPath
P281F,0.9413,LPath
P281G,0.6999,LPath
P281H,0.7288,LPath
P281I,0.7314,LPath
P281K,0.8296,LPath
P281L,0.3852,Amb
P281M,0.7591,LPath
P281N,0.8808,LPath
P281Q,0.6139,LPath
P281R,0.6448,LPath
P281S,0.3811,Amb
P281T,0.2542,LBen
P281V,0.5072,Amb
P281W,0.9395,LPath
P281Y,0.9215,LPath
E282A,0.0768,LBen
E282C,0.5686,LPath
E282D,0.1039,LBen
E282F,0.5186,Amb
E282G,0.0738,LBen
E282H,0.2313,LBen
E282I,0.2645,LBen
E282K,0.0838,LBen
E282L,0.246,LBen
E282M,0.3113,LBen
E282N,0.1501,LBen
E282P,0.3463,Amb
E282Q,0.0908,LBen
E282R,0.1237,LBen
E282S,0.1005,LBen
E282T,0.1281,LBen
E282V,0.15,LBen
E282W,0.6701,LPath
E282Y,0.3687,Amb
S283A,0.0815,LBen
S283C,0.104,LBen
S283D,0.3265,LBen
S283E,0.495,Amb
S283F,0.2004,LBen
S283G,0.1131,LBen
S283H,0.3382,LBen
S283I,0.1949,LBen
S283K,0.6287,LPath
S283L,0.1089,LBen
S283M,0.1842,LBen
S283N,0.1387,LBen
S283P,0.4558,Amb
S283Q,0.5119,Amb
S283R,0.568,LPath
S283T,0.0744,LBen
S283V,0.1725,LBen
S283W,0.323,LBen
S283Y,0.146,LBen
F284A,0.9554,LPath
F284C,0.765,LPath
F284D,0.9901,LPath
F284E,0.993,LPath
F284G,0.9799,LPath
F284H,0.9137,LPath
F284I,0.7536,LPath
F284K,0.9932,LPath
F284L,0.9723,LPath
F284M,0.909,LPath
F284N,0.9593,LPath
F284P,0.9981,LPath
F284Q,0.9866,LPath
F284R,0.9768,LPath
F284S,0.914,LPath
F284T,0.9578,LPath
F284V,0.679,LPath
F284W,0.7463,LPath
F284Y,0.216,LBen
I285A,0.7419,LPath
I285C,0.8048,LPath
I285D,0.9805,LPath
I285E,0.9707,LPath
I285F,0.3675,Amb
I285G,0.9323,LPath
I285H,0.9242,LPath
I285K,0.9422,LPath
I285L,0.1829,LBen
I285M,0.3135,LBen
I285N,0.8435,LPath
I285P,0.9517,LPath
I285Q,0.9326,LPath
I285R,0.8828,LPath
I285S,0.7517,LPath
I285T,0.6046,LPath
I285V,0.0809,LBen
I285W,0.9529,LPath
I285Y,0.8516,LPath
C286A,0.1938,LBen
C286D,0.1974,LBen
C286E,0.2766,LBen
C286F,0.1002,LBen
C286G,0.0826,LBen
C286H,0.1223,LBen
C286I,0.25,LBen
C286K,0.2757,LBen
C286L,0.2191,LBen
C286M,0.431,Amb
C286N,0.1718,LBen
C286P,0.6123,LPath
C286Q,0.162,LBen
C286R,0.0885,LBen
C286S,0.1078,LBen
C286T,0.2046,LBen
C286V,0.2341,LBen
C286W,0.1864,LBen
C286Y,0.105,LBen
K287A,0.1719,LBen
K287C,0.4608,Amb
K287D,0.2504,LBen
K287E,0.0807,LBen
K287F,0.5279,Amb
K287G,0.1808,LBen
K287H,0.213,LBen
K287I,0.2351,LBen
K287L,0.2215,LBen
K287M,0.1577,LBen
K287N,0.1995,LBen
K287P,0.2572,LBen
K287Q,0.0964,LBen
K287R,0.0709,LBen
K287S,0.1917,LBen
K287T,0.1012,LBen
K287V,0.2123,LBen
K287W,0.4903,Amb
K287Y,0.3905,Amb
E288A,0.1143,LBen
E288C,0.5863,LPath
E288D,0.0943,LBen
E288F,0.5457,Amb
E288G,0.0686,LBen
E288H,0.2672,LBen
E288I,0.2727,LBen
E288K,0.0972,LBen
E288L,0.2637,LBen
E288M,0.3231,LBen
E288N,0.1481,LBen
E288P,0.2818,LBen
E288Q,0.0951,LBen
E288R,0.1383,LBen
E288S,0.1354,LBen
E288T,0.1516,LBen
E288V,0.1526,LBen
E288W,0.5999,LPath
E288Y,0.3636,Amb
K289A,0.113,LBen
K289C,0.3197,LBen
K289D,0.1398,LBen
K289E,0.0622,LBen
K289F,0.3208,LBen
K289G,0.1262,LBen
K289H,0.1418,LBen
K289I,0.1216,LBen
K289L,0.1324,LBen
K289M,0.0969,LBen
K289N,0.0904,LBen
K289P,0.2006,LBen
K289Q,0.0747,LBen
K289R,0.0698,LBen
K289S,0.1087,LBen
K289T,0.0666,LBen
K289V,0.1129,LBen
K289W,0.3989,Amb
K289Y,0.2183,LBen
L290A,0.0695,LBen
L290C,0.2045,LBen
L290D,0.195,LBen
L290E,0.1102,LBen
L290F,0.0938,LBen
L290G,0.1451,LBen
L290H,0.0931,LBen
L290I,0.0765,LBen
L290K,0.1061,LBen
L290M,0.0879,LBen
L290N,0.1297,LBen
L290P,0.0462,LBen
L290Q,0.0675,LBen
L290R,0.0736,LBen
L290S,0.0776,LBen
L290T,0.0716,LBen
L290V,0.0711,LBen
L290W,0.1044,LBen
L290Y,0.1624,LBen
G291A,0.1102,LBen
G291C,0.175,LBen
G291D,0.1273,LBen
G291E,0.1012,LBen
G291F,0.4591,Amb
G291H,0.2586,LBen
G291I,0.2353,LBen
G291K,0.1966,LBen
G291L,0.2822,LBen
G291M,0.3606,Amb
G291N,0.2294,LBen
G291P,0.3574,Amb
G291Q,0.1666,LBen
G291R,0.1365,LBen
G291S,0.108,LBen
G291T,0.1352,LBen
G291V,0.1471,LBen
G291W,0.2325,LBen
G291Y,0.3319,LBen
E292A,0.1183,LBen
E292C,0.5894,LPath
E292D,0.0936,LBen
E292F,0.539,Amb
E292G,0.075,LBen
E292H,0.29,LBen
E292I,0.2679,LBen
E292K,0.0871,LBen
E292L,0.2681,LBen
E292M,0.308,LBen
E292N,0.1556,LBen
E292P,0.3467,Amb
E292Q,0.1076,LBen
E292R,0.1419,LBen
E292S,0.134,LBen
E292T,0.1597,LBen
E292V,0.1617,LBen
E292W,0.6263,LPath
E292Y,0.3894,Amb
N293A,0.177,LBen
N293C,0.2217,LBen
N293D,0.0786,LBen
N293E,0.2143,LBen
N293F,0.4855,Amb
N293G,0.1987,LBen
N293H,0.102,LBen
N293I,0.2039,LBen
N293K,0.1741,LBen
N293L,0.2579,LBen
N293M,0.2754,LBen
N293P,0.3958,Amb
N293Q,0.2319,LBen
N293R,0.2151,LBen
N293S,0.0896,LBen
N293T,0.1064,LBen
N293V,0.2004,LBen
N293W,0.6588,LPath
N293Y,0.165,LBen
V294A,0.0864,LBen
V294C,0.6843,LPath
V294D,0.4533,Amb
V294E,0.4248,Amb
V294F,0.2574,LBen
V294G,0.209,LBen
V294H,0.6996,LPath
V294I,0.0928,LBen
V294K,0.5341,Amb
V294L,0.3182,LBen
V294M,0.1879,LBen
V294N,0.4298,Amb
V294P,0.3079,LBen
V294Q,0.5424,Amb
V294R,0.4712,Amb
V294S,0.2071,LBen
V294T,0.138,LBen
V294W,0.8413,LPath
V294Y,0.6642,LPath
A295C,0.4368,Amb
A295D,0.2879,LBen
A295E,0.2384,LBen
A295F,0.4325,Amb
A295G,0.1061,LBen
A295H,0.5269,Amb
A295I,0.3509,Amb
A295K,0.412,Amb
A295L,0.2962,LBen
A295M,0.3427,Amb
A295N,0.3096,LBen
A295P,0.2018,LBen
A295Q,0.3336,LBen
A295R,0.3409,Amb
A295S,0.1001,LBen
A295T,0.1041,LBen
A295V,0.1698,LBen
A295W,0.7114,LPath
A295Y,0.5668,LPath
N296A,0.0847,LBen
N296C,0.1371,LBen
N296D,0.0668,LBen
N296E,0.082,LBen
N296F,0.278,LBen
N296G,0.1022,LBen
N296H,0.0749,LBen
N296I,0.1224,LBen
N296K,0.0643,LBen
N296L,0.111,LBen
N296M,0.133,LBen
N296P,0.3155,LBen
N296Q,0.0964,LBen
N296R,0.0827,LBen
N296S,0.0662,LBen
N296T,0.0755,LBen
N296V,0.1017,LBen
N296W,0.3705,Amb
N296Y,0.1072,LBen
I297A,0.1983,LBen
I297C,0.3969,Amb
I297D,0.4871,Amb
I297E,0.4585,Amb
I297F,0.1524,LBen
I297G,0.4111,Amb
I297H,0.347,Amb
I297K,0.2602,LBen
I297L,0.1187,LBen
I297M,0.0969,LBen
I297N,0.1692,LBen
I297P,0.6833,LPath
I297Q,0.3321,LBen
I297R,0.1802,LBen
I297S,0.1599,LBen
I297T,0.1177,LBen
I297V,0.0686,LBen
I297W,0.6609,LPath
I297Y,0.3788,Amb
Y298A,0.9621,LPath
Y298C,0.4998,Amb
Y298D,0.9638,LPath
Y298E,0.9845,LPath
Y298F,0.1395,LBen
Y298G,0.9084,LPath
Y298H,0.8238,LPath
Y298I,0.9015,LPath
Y298K,0.9843,LPath
Y298L,0.8038,LPath
Y298M,0.9315,LPath
Y298N,0.8858,LPath
Y298P,0.9712,LPath
Y298Q,0.9723,LPath
Y298R,0.9495,LPath
Y298S,0.8699,LPath
Y298T,0.953,LPath
Y298V,0.8314,LPath
Y298W,0.6309,LPath
K299A,0.4472,Amb
K299C,0.6105,LPath
K299D,0.7673,LPath
K299E,0.2026,LBen
K299F,0.8283,LPath
K299G,0.5095,Amb
K299H,0.3431,Amb
K299I,0.4323,Amb
K299L,0.4538,Amb
K299M,0.3066,LBen
K299N,0.5713,LPath
K299P,0.927,LPath
K299Q,0.1369,LBen
K299R,0.0675,LBen
K299S,0.5064,Amb
K299T,0.1983,LBen
K299V,0.364,Amb
K299W,0.7381,LPath
K299Y,0.6846,LPath
D300A,0.3572,Amb
D300C,0.7504,LPath
D300E,0.2849,LBen
D300F,0.8085,LPath
D300G,0.1983,LBen
D300H,0.4401,Amb
D300I,0.7971,LPath
D300K,0.6475,LPath
D300L,0.7744,LPath
D300M,0.8903,LPath
D300N,0.1348,LBen
D300P,0.9442,LPath
D300Q,0.5292,Amb
D300R,0.6631,LPath
D300S,0.2493,LBen
D300T,0.6327,LPath
D300V,0.5572,Amb
D300W,0.9507,LPath
D300Y,0.3243,LBen
L301A,0.7916,LPath
L301C,0.8574,LPath
L301D,0.9912,LPath
L301E,0.9538,LPath
L301F,0.5684,LPath
L301G,0.9394,LPath
L301H,0.8874,LPath
L301I,0.155,LBen
L301K,0.9188,LPath
L301M,0.2661,LBen
L301N,0.9441,LPath
L301P,0.7796,LPath
L301Q,0.8272,LPath
L301R,0.8624,LPath
L301S,0.8862,LPath
L301T,0.6989,LPath
L301V,0.1948,LBen
L301W,0.8532,LPath
L301Y,0.9286,LPath
Q302A,0.2167,LBen
Q302C,0.6379,LPath
Q302D,0.5907,LPath
Q302E,0.1211,LBen
Q302F,0.8564,LPath
Q302G,0.2225,LBen
Q302H,0.3283,LBen
Q302I,0.6372,LPath
Q302K,0.1108,LBen
Q302L,0.2476,LBen
Q302M,0.5807,LPath
Q302N,0.4571,Amb
Q302P,0.0612,LBen
Q302R,0.1145,LBen
Q302S,0.2844,LBen
Q302T,0.3142,LBen
Q302V,0.4153,Amb
Q302W,0.6373,LPath
Q302Y,0.6732,LPath
K303A,0.7105,LPath
K303C,0.8546,LPath
K303D,0.8888,LPath
K303E,0.5529,Amb
K303F,0.9169,LPath
K303G,0.7355,LPath
K303H,0.4932,Amb
K303I,0.6467,LPath
K303L,0.6087,LPath
K303M,0.4829,Amb
K303N,0.7253,LPath
K303P,0.9255,LPath
K303Q,0.3019,LBen
K303R,0.1157,LBen
K303S,0.7897,LPath
K303T,0.4695,Amb
K303V,0.6045,LPath
K303W,0.896,LPath
K303Y,0.7634,LPath
L304A,0.7347,LPath
L304C,0.7722,LPath
L304D,0.9965,LPath
L304E,0.9831,LPath
L304F,0.3619,Amb
L304G,0.9457,LPath
L304H,0.946,LPath
L304I,0.2032,LBen
L304K,0.9788,LPath
L304M,0.2882,LBen
L304N,0.9805,LPath
L304P,0.9699,LPath
L304Q,0.9283,LPath
L304R,0.9516,LPath
L304S,0.9418,LPath
L304T,0.832,LPath
L304V,0.1918,LBen
L304W,0.8239,LPath
L304Y,0.8829,LPath
S305A,0.4603,Amb
S305C,0.5782,LPath
S305D,0.9867,LPath
S305E,0.984,LPath
S305F,0.9553,LPath
S305G,0.5671,LPath
S305H,0.9579,LPath
S305I,0.9584,LPath
S305K,0.9976,LPath
S305L,0.849,LPath
S305M,0.9392,LPath
S305N,0.9446,LPath
S305P,0.9468,LPath
S305Q,0.9756,LPath
S305R,0.9939,LPath
S305T,0.6082,LPath
S305V,0.9277,LPath
S305W,0.9259,LPath
S305Y,0.9206,LPath
R306A,0.6076,LPath
R306C,0.1089,LBen
R306D,0.8945,LPath
R306E,0.7047,LPath
R306F,0.5838,LPath
R306G,0.4056,Amb
R306H,0.1276,LBen
R306I,0.4073,Amb
R306K,0.2812,LBen
R306L,0.3386,LBen
R306M,0.5182,Amb
R306N,0.7639,LPath
R306P,0.9403,LPath
R306Q,0.1646,LBen
R306S,0.6584,LPath
R306T,0.5331,Amb
R306V,0.4476,Amb
R306W,0.2368,LBen
R306Y,0.4201,Amb
L307A,0.3874,Amb
L307C,0.5109,Amb
L307D,0.772,LPath
L307E,0.4628,Amb
L307F,0.208,LBen
L307G,0.6935,LPath
L307H,0.2398,LBen
L307I,0.1024,LBen
L307K,0.3491,Amb
L307M,0.1259,LBen
L307N,0.4907,Amb
L307P,0.9314,LPath
L307Q,0.157,LBen
L307R,0.2189,LBen
L307S,0.4052,Amb
L307T,0.3061,LBen
L307V,0.1023,LBen
L307W,0.3474,Amb
L307Y,0.392,Amb
F308A,0.9564,LPath
F308C,0.7293,LPath
F308D,0.9989,LPath
F308E,0.9977,LPath
F308G,0.9882,LPath
F308H,0.9797,LPath
F308I,0.591,LPath
F308K,0.9976,LPath
F308L,0.9431,LPath
F308M,0.8797,LPath
F308N,0.9938,LPath
F308P,0.999,LPath
F308Q,0.993,LPath
F308R,0.9921,LPath
F308S,0.9658,LPath
F308T,0.9573,LPath
F308V,0.4599,Amb
F308W,0.8846,LPath
F308Y,0.5606,Amb
K309A,0.9883,LPath
K309C,0.9882,LPath
K309D,0.9977,LPath
K309E,0.9792,LPath
K309F,0.9988,LPath
K309G,0.9879,LPath
K309H,0.9568,LPath
K309I,0.9924,LPath
K309L,0.983,LPath
K309M,0.9722,LPath
K309N,0.994,LPath
K309P,0.9968,LPath
K309Q,0.9349,LPath
K309R,0.3657,Amb
K309S,0.9904,LPath
K309T,0.969,LPath
K309V,0.9893,LPath
K309W,0.9945,LPath
K309Y,0.9925,LPath
D310A,0.98,LPath
D310C,0.9954,LPath
D310E,0.9709,LPath
D310F,0.992,LPath
D310G,0.9408,LPath
D310H,0.9838,LPath
D310I,0.9907,LPath
D310K,0.9935,LPath
D310L,0.9852,LPath
D310M,0.9968,LPath
D310N,0.8426,LPath
D310P,0.9985,LPath
D310Q,0.9931,LPath
D310R,0.9912,LPath
D310S,0.9543,LPath
D310T,0.9869,LPath
D310V,0.9617,LPath
D310W,0.9969,LPath
D310Y,0.9072,LPath
Q311A,0.4171,Amb
Q311C,0.6819,LPath
Q311D,0.6197,LPath
Q311E,0.1307,LBen
Q311F,0.8362,LPath
Q311G,0.3898,Amb
Q311H,0.2808,LBen
Q311I,0.6473,LPath
Q311K,0.1509,LBen
Q311L,0.3253,LBen
Q311M,0.5557,Amb
Q311N,0.3829,Amb
Q311P,0.9096,LPath
Q311R,0.1307,LBen
Q311S,0.3907,Amb
Q311T,0.3556,Amb
Q311V,0.4843,Amb
Q311W,0.7328,LPath
Q311Y,0.5751,LPath
L312A,0.6823,LPath
L312C,0.7448,LPath
L312D,0.9914,LPath
L312E,0.9465,LPath
L312F,0.3224,LBen
L312G,0.9308,LPath
L312H,0.8733,LPath
L312I,0.1182,LBen
L312K,0.9413,LPath
L312M,0.1438,LBen
L312N,0.9455,LPath
L312P,0.9719,LPath
L312Q,0.817,LPath
L312R,0.9016,LPath
L312S,0.8766,LPath
L312T,0.6528,LPath
L312V,0.1201,LBen
L312W,0.6836,LPath
L312Y,0.8216,LPath
V313A,0.3616,Amb
V313C,0.8736,LPath
V313D,0.9699,LPath
V313E,0.9506,LPath
V313F,0.7583,LPath
V313G,0.545,Amb
V313H,0.983,LPath
V313I,0.1502,LBen
V313K,0.9839,LPath
V313L,0.646,LPath
V313M,0.6258,LPath
V313N,0.9147,LPath
V313P,0.9476,LPath
V313Q,0.948,LPath
V313R,0.9638,LPath
V313S,0.5128,Amb
V313T,0.5378,Amb
V313W,0.993,LPath
V313Y,0.974,LPath
Y314A,0.9315,LPath
Y314C,0.679,LPath
Y314D,0.9264,LPath
Y314E,0.9769,LPath
Y314F,0.22,LBen
Y314G,0.8865,LPath
Y314H,0.8276,LPath
Y314I,0.8439,LPath
Y314K,0.9871,LPath
Y314L,0.5859,LPath
Y314M,0.8835,LPath
Y314N,0.7676,LPath
Y314P,0.9647,LPath
Y314Q,0.9638,LPath
Y314R,0.9648,LPath
Y314S,0.7489,LPath
Y314T,0.9221,LPath
Y314V,0.8003,LPath
Y314W,0.8134,LPath
P315A,0.4111,Amb
P315C,0.8601,LPath
P315D,0.9199,LPath
P315E,0.8121,LPath
P315F,0.959,LPath
P315G,0.7503,LPath
P315H,0.6277,LPath
P315I,0.8915,LPath
P315K,0.8419,LPath
P315L,0.6336,LPath
P315M,0.902,LPath
P315N,0.8508,LPath
P315Q,0.5837,LPath
P315R,0.6185,LPath
P315S,0.4535,Amb
P315T,0.4686,Amb
P315V,0.7633,LPath
P315W,0.96,LPath
P315Y,0.9138,LPath
L316A,0.7975,LPath
L316C,0.9028,LPath
L316D,0.9964,LPath
L316E,0.9744,LPath
L316F,0.4936,Amb
L316G,0.9706,LPath
L316H,0.9346,LPath
L316I,0.223,LBen
L316K,0.98,LPath
L316M,0.2517,LBen
L316N,0.9751,LPath
L316P,0.9814,LPath
L316Q,0.8923,LPath
L316R,0.9588,LPath
L316S,0.8988,LPath
L316T,0.8369,LPath
L316V,0.2408,LBen
L316W,0.8889,LPath
L316Y,0.9236,LPath
L317A,0.8003,LPath
L317C,0.9224,LPath
L317D,0.9919,LPath
L317E,0.9292,LPath
L317F,0.6201,LPath
L317G,0.9637,LPath
L317H,0.8577,LPath
L317I,0.2778,LBen
L317K,0.9087,LPath
L317M,0.2907,LBen
L317N,0.9592,LPath
L317P,0.9646,LPath
L317Q,0.7353,LPath
L317R,0.8247,LPath
L317S,0.9049,LPath
L317T,0.7899,LPath
L317V,0.3461,Amb
L317W,0.8272,LPath
L317Y,0.9221,LPath
A318C,0.8139,LPath
A318D,0.9319,LPath
A318E,0.9164,LPath
A318F,0.8508,LPath
A318G,0.3914,Amb
A318H,0.9335,LPath
A318I,0.8619,LPath
A318K,0.9801,LPath
A318L,0.6899,LPath
A318M,0.7845,LPath
A318N,0.8333,LPath
A318P,0.9438,LPath
A318Q,0.8841,LPath
A318R,0.9264,LPath
A318S,0.2107,LBen
A318T,0.4247,Amb
A318V,0.593,LPath
A318W,0.9801,LPath
A318Y,0.9124,LPath
F319A,0.2354,LBen
F319C,0.1776,LBen
F319D,0.5873,LPath
F319E,0.6813,LPath
F319G,0.5365,Amb
F319H,0.4407,Amb
F319I,0.1696,LBen
F319K,0.7643,LPath
F319L,0.6405,LPath
F319M,0.3678,Amb
F319N,0.4243,Amb
F319P,0.9831,LPath
F319Q,0.6143,LPath
F319R,0.6048,LPath
F319S,0.1655,LBen
F319T,0.2738,LBen
F319V,0.1295,LBen
F319W,0.4817,Amb
F319Y,0.1537,LBen
T320A,0.0854,LBen
T320C,0.3561,Amb
T320D,0.8846,LPath
T320E,0.8043,LPath
T320F,0.6503,LPath
T320G,0.327,LBen
T320H,0.6185,LPath
T320I,0.5424,Amb
T320K,0.7526,LPath
T320L,0.2315,LBen
T320M,0.1566,LBen
T320N,0.3879,Amb
T320P,0.5152,Amb
T320Q,0.5845,LPath
T320R,0.6678,LPath
T320S,0.1295,LBen
T320V,0.3582,Amb
T320W,0.9018,LPath
T320Y,0.6962,LPath
R321A,0.9739,LPath
R321C,0.673,LPath
R321D,0.9959,LPath
R321E,0.9461,LPath
R321F,0.9909,LPath
R321G,0.9458,LPath
R321H,0.7442,LPath
R321I,0.9619,LPath
R321K,0.7561,LPath
R321L,0.9109,LPath
R321M,0.971,LPath
R321N,0.9909,LPath
R321P,0.991,LPath
R321Q,0.571,LPath
R321S,0.9818,LPath
R321T,0.9719,LPath
R321V,0.9587,LPath
R321W,0.8189,LPath
R321Y,0.9624,LPath
Q322A,0.3654,Amb
Q322C,0.839,LPath
Q322D,0.6196,LPath
Q322E,0.1042,LBen
Q322F,0.892,LPath
Q322G,0.4601,Amb
Q322H,0.4304,Amb
Q322I,0.6698,LPath
Q322K,0.1555,LBen
Q322L,0.2594,LBen
Q322M,0.5519,Amb
Q322N,0.5367,Amb
Q322P,0.8181,LPath
Q322R,0.163,LBen
Q322S,0.5076,Amb
Q322T,0.4569,Amb
Q322V,0.4857,Amb
Q322W,0.8175,LPath
Q322Y,0.7529,LPath
A323C,0.5369,Amb
A323D,0.5237,Amb
A323E,0.3703,Amb
A323F,0.398,Amb
A323G,0.2436,LBen
A323H,0.6042,LPath
A323I,0.3014,LBen
A323K,0.6743,LPath
A323L,0.2647,LBen
A323M,0.2608,LBen
A323N,0.457,Amb
A323P,0.9277,LPath
A323Q,0.4347,Amb
A323R,0.5928,LPath
A323S,0.1275,LBen
A323T,0.1586,LBen
A323V,0.1294,LBen
A323W,0.8215,LPath
A323Y,0.5688,LPath
L324A,0.4073,Amb
L324C,0.5452,Amb
L324D,0.8961,LPath
L324E,0.5754,LPath
L324F,0.294,LBen
L324G,0.6808,LPath
L324H,0.4785,Amb
L324I,0.2414,LBen
L324K,0.5732,LPath
L324M,0.1315,LBen
L324N,0.5901,LPath
L324P,0.9395,LPath
L324Q,0.23,LBen
L324R,0.3919,Amb
L324S,0.4095,Amb
L324T,0.4762,Amb
L324V,0.1943,LBen
L324W,0.5422,Amb
L324Y,0.6616,LPath
N325A,0.1967,LBen
N325C,0.1623,LBen
N325D,0.1251,LBen
N325E,0.3655,Amb
N325F,0.5394,Amb
N325G,0.1495,LBen
N325H,0.1074,LBen
N325I,0.3957,Amb
N325K,0.3216,LBen
N325L,0.2875,LBen
N325M,0.3724,Amb
N325P,0.7361,LPath
N325Q,0.292,LBen
N325R,0.3344,LBen
N325S,0.0658,LBen
N325T,0.1962,LBen
N325V,0.3773,Amb
N325W,0.7093,LPath
N325Y,0.1929,LBen
L326A,0.8316,LPath
L326C,0.8557,LPath
L326D,0.985,LPath
L326E,0.8899,LPath
L326F,0.4926,Amb
L326G,0.9418,LPath
L326H,0.7718,LPath
L326I,0.2573,LBen
L326K,0.8061,LPath
L326M,0.3163,LBen
L326N,0.9316,LPath
L326P,0.9806,LPath
L326Q,0.6463,LPath
L326R,0.6617,LPath
L326S,0.9004,LPath
L326T,0.8429,LPath
L326V,0.3141,LBen
L326W,0.793,LPath
L326Y,0.8002,LPath
P327A,0.3297,LBen
P327C,0.8732,LPath
P327D,0.8952,LPath
P327E,0.7332,LPath
P327F,0.957,LPath
P327G,0.8127,LPath
P327H,0.7012,LPath
P327I,0.8905,LPath
P327K,0.8382,LPath
P327L,0.5054,Amb
P327M,0.8487,LPath
P327N,0.8945,LPath
P327Q,0.5993,LPath
P327R,0.6188,LPath
P327S,0.5335,Amb
P327T,0.4405,Amb
P327V,0.7529,LPath
P327W,0.9604,LPath
P327Y,0.9385,LPath
D328A,0.3358,LBen
D328C,0.8404,LPath
D328E,0.4796,Amb
D328F,0.8924,LPath
D328G,0.492,Amb
D328H,0.6957,LPath
D328I,0.7907,LPath
D328K,0.8763,LPath
D328L,0.7426,LPath
D328M,0.908,LPath
D328N,0.287,LBen
D328P,0.7648,LPath
D328Q,0.8051,LPath
D328R,0.8528,LPath
D328S,0.3093,LBen
D328T,0.6473,LPath
D328V,0.4941,Amb
D328W,0.9799,LPath
D328Y,0.5586,Amb
V329A,0.1955,LBen
V329C,0.7317,LPath
V329D,0.6236,LPath
V329E,0.6083,LPath
V329F,0.3218,LBen
V329G,0.3695,Amb
V329H,0.8225,LPath
V329I,0.0855,LBen
V329K,0.7651,LPath
V329L,0.2743,LBen
V329M,0.2285,LBen
V329N,0.4776,Amb
V329P,0.7682,LPath
V329Q,0.6806,LPath
V329R,0.6778,LPath
V329S,0.3303,LBen
V329T,0.283,LBen
V329W,0.9391,LPath
V329Y,0.7545,LPath
F330A,0.9045,LPath
F330C,0.7473,LPath
F330D,0.9845,LPath
F330E,0.9868,LPath
F330G,0.9625,LPath
F330H,0.906,LPath
F330I,0.8868,LPath
F330K,0.9903,LPath
F330L,0.9843,LPath
F330M,0.9326,LPath
F330N,0.961,LPath
F330P,0.9927,LPath
F330Q,0.9712,LPath
F330R,0.9593,LPath
F330S,0.8234,LPath
F330T,0.9174,LPath
F330V,0.823,LPath
F330W,0.7639,LPath
F330Y,0.5411,Amb
G331A,0.8479,LPath
G331C,0.8812,LPath
G331D,0.9745,LPath
G331E,0.987,LPath
G331F,0.9916,LPath
G331H,0.989,LPath
G331I,0.987,LPath
G331K,0.9971,LPath
G331L,0.9846,LPath
G331M,0.9947,LPath
G331N,0.9837,LPath
G331P,0.9947,LPath
G331Q,0.9898,LPath
G331R,0.9845,LPath
G331S,0.6691,LPath
G331T,0.9554,LPath
G331V,0.9709,LPath
G331W,0.979,LPath
G331Y,0.9888,LPath
L332A,0.9416,LPath
L332C,0.9682,LPath
L332D,0.9982,LPath
L332E,0.994,LPath
L332F,0.3546,Amb
L332G,0.9892,LPath
L332H,0.9804,LPath
L332I,0.2615,LBen
L332K,0.9917,LPath
L332M,0.3504,Amb
L332N,0.9927,LPath
L332P,0.9555,LPath
L332Q,0.9827,LPath
L332R,0.9812,LPath
L332S,0.9859,LPath
L332T,0.947,LPath
L332V,0.4098,Amb
L332W,0.8517,LPath
L332Y,0.9436,LPath
V333A,0.1231,LBen
V333C,0.7059,LPath
V333D,0.5613,Amb
V333E,0.4987,Amb
V333F,0.2803,LBen
V333G,0.225,LBen
V333H,0.7352,LPath
V333I,0.0925,LBen
V333K,0.6496,LPath
V333L,0.1411,LBen
V333M,0.1727,LBen
V333N,0.3947,Amb
V333P,0.3266,LBen
V333Q,0.5062,Amb
V333R,0.5702,LPath
V333S,0.2261,LBen
V333T,0.1735,LBen
V333W,0.8783,LPath
V333Y,0.7341,LPath
V334A,0.4373,Amb
V334C,0.8859,LPath
V334D,0.9421,LPath
V334E,0.8925,LPath
V334F,0.641,LPath
V334G,0.5585,Amb
V334H,0.9669,LPath
V334I,0.1928,LBen
V334K,0.959,LPath
V334L,0.7233,LPath
V334M,0.6218,LPath
V334N,0.8333,LPath
V334P,0.9103,LPath
V334Q,0.902,LPath
V334R,0.9058,LPath
V334S,0.5026,Amb
V334T,0.5599,Amb
V334W,0.989,LPath
V334Y,0.9537,LPath
L335A,0.9535,LPath
L335C,0.9735,LPath
L335D,0.9995,LPath
L335E,0.9956,LPath
L335F,0.8906,LPath
L335G,0.9949,LPath
L335H,0.9919,LPath
L335I,0.436,Amb
L335K,0.9953,LPath
L335M,0.5869,LPath
L335N,0.9958,LPath
L335P,0.989,LPath
L335Q,0.9806,LPath
L335R,0.9884,LPath
L335S,0.9858,LPath
L335T,0.9626,LPath
L335V,0.5168,Amb
L335W,0.9859,LPath
L335Y,0.9915,LPath
P336A,0.9143,LPath
P336C,0.9906,LPath
P336D,0.9955,LPath
P336E,0.9934,LPath
P336F,0.997,LPath
P336G,0.9858,LPath
P336H,0.9711,LPath
P336I,0.9957,LPath
P336K,0.9979,LPath
P336L,0.9233,LPath
P336M,0.9934,LPath
P336N,0.9943,LPath
P336Q,0.9828,LPath
P336R,0.9882,LPath
P336S,0.9463,LPath
P336T,0.9666,LPath
P336V,0.9875,LPath
P336W,0.9983,LPath
P336Y,0.997,LPath
L337A,0.4153,Amb
L337C,0.7817,LPath
L337D,0.9037,LPath
L337E,0.6808,LPath
L337F,0.323,LBen
L337G,0.746,LPath
L337H,0.5507,Amb
L337I,0.2114,LBen
L337K,0.641,LPath
L337M,0.2008,LBen
L337N,0.7241,LPath
L337P,0.2271,LBen
L337Q,0.3592,Amb
L337R,0.4635,Amb
L337S,0.5023,Amb
L337T,0.4101,Amb
L337V,0.1616,LBen
L337W,0.474,Amb
L337Y,0.6986,LPath
E338A,0.9475,LPath
E338C,0.9914,LPath
E338D,0.9132,LPath
E338F,0.9974,LPath
E338G,0.9472,LPath
E338H,0.9868,LPath
E338I,0.9941,LPath
E338K,0.9772,LPath
E338L,0.9934,LPath
E338M,0.9957,LPath
E338N,0.9924,LPath
E338P,0.9806,LPath
E338Q,0.9233,LPath
E338R,0.9707,LPath
E338S,0.9693,LPath
E338T,0.9889,LPath
E338V,0.9809,LPath
E338W,0.9981,LPath
E338Y,0.9931,LPath
L339A,0.9378,LPath
L339C,0.946,LPath
L339D,0.9966,LPath
L339E,0.9736,LPath
L339F,0.8794,LPath
L339G,0.9843,LPath
L339H,0.9807,LPath
L339I,0.2243,LBen
L339K,0.9762,LPath
L339M,0.4141,Amb
L339N,0.9768,LPath
L339P,0.992,LPath
L339Q,0.9443,LPath
L339R,0.9642,LPath
L339S,0.984,LPath
L339T,0.9329,LPath
L339V,0.3009,LBen
L339W,0.9481,LPath
L339Y,0.9717,LPath
K340A,0.9625,LPath
K340C,0.966,LPath
K340D,0.9938,LPath
K340E,0.8904,LPath
K340F,0.9948,LPath
K340G,0.9819,LPath
K340H,0.9251,LPath
K340I,0.8966,LPath
K340L,0.8231,LPath
K340M,0.7785,LPath
K340N,0.976,LPath
K340P,0.9947,LPath
K340Q,0.5227,Amb
K340R,0.3189,LBen
K340S,0.9702,LPath
K340T,0.8206,LPath
K340V,0.8927,LPath
K340W,0.992,LPath
K340Y,0.9805,LPath
L341A,0.921,LPath
L341C,0.9163,LPath
L341D,0.994,LPath
L341E,0.9496,LPath
L341F,0.7119,LPath
L341G,0.9591,LPath
L341H,0.9099,LPath
L341I,0.363,Amb
L341K,0.9276,LPath
L341M,0.3815,Amb
L341N,0.9472,LPath
L341P,0.9913,LPath
L341Q,0.8313,LPath
L341R,0.8666,LPath
L341S,0.9642,LPath
L341T,0.9242,LPath
L341V,0.4431,Amb
L341W,0.815,LPath
L341Y,0.8836,LPath
R342A,0.8909,LPath
R342C,0.4753,Amb
R342D,0.964,LPath
R342E,0.8311,LPath
R342F,0.9596,LPath
R342G,0.794,LPath
R342H,0.3945,Amb
R342I,0.9179,LPath
R342K,0.4296,Amb
R342L,0.7237,LPath
R342M,0.8769,LPath
R342N,0.9327,LPath
R342P,0.9765,LPath
R342Q,0.2741,LBen
R342S,0.9162,LPath
R342T,0.8977,LPath
R342V,0.9205,LPath
R342W,0.6057,LPath
R342Y,0.8716,LPath
I343A,0.9802,LPath
I343C,0.9786,LPath
I343D,0.9986,LPath
I343E,0.9978,LPath
I343F,0.8834,LPath
I343G,0.9954,LPath
I343H,0.9965,LPath
I343K,0.9952,LPath
I343L,0.4225,Amb
I343M,0.6491,LPath
I343N,0.9809,LPath
I343P,0.9968,LPath
I343Q,0.9969,LPath
I343R,0.9923,LPath
I343S,0.9809,LPath
I343T,0.974,LPath
I343V,0.2105,LBen
I343W,0.9963,LPath
I343Y,0.9825,LPath
F344A,0.914,LPath
F344C,0.5815,LPath
F344D,0.9962,LPath
F344E,0.9962,LPath
F344G,0.9586,LPath
F344H,0.9724,LPath
F344I,0.6185,LPath
F344K,0.9963,LPath
F344L,0.6517,LPath
F344M,0.6313,LPath
F344N,0.9821,LPath
F344P,0.9983,LPath
F344Q,0.9861,LPath
F344R,0.9889,LPath
F344S,0.9196,LPath
F344T,0.9458,LPath
F344V,0.6353,LPath
F344W,0.8253,LPath
F344Y,0.5569,Amb
R345A,0.9434,LPath
R345C,0.4602,Amb
R345D,0.9911,LPath
R345E,0.9215,LPath
R345F,0.9767,LPath
R345G,0.8212,LPath
R345H,0.5085,Amb
R345I,0.9559,LPath
R345K,0.6015,LPath
R345L,0.8425,LPath
R345M,0.943,LPath
R345N,0.9806,LPath
R345P,0.9771,LPath
R345Q,0.3565,Amb
R345S,0.9364,LPath
R345T,0.9513,LPath
R345V,0.9576,LPath
R345W,0.7168,LPath
R345Y,0.928,LPath
L346A,0.7548,LPath
L346C,0.7395,LPath
L346D,0.9611,LPath
L346E,0.8031,LPath
L346F,0.3238,LBen
L346G,0.8694,LPath
L346H,0.5033,Amb
L346I,0.389,Amb
L346K,0.6879,LPath
L346M,0.2676,LBen
L346N,0.802,LPath
L346P,0.9723,LPath
L346Q,0.4869,Amb
L346R,0.5158,Amb
L346S,0.7982,LPath
L346T,0.7989,LPath
L346V,0.3971,Amb
L346W,0.5606,Amb
L346Y,0.5819,LPath
L347A,0.8835,LPath
L347C,0.9246,LPath
L347D,0.9986,LPath
L347E,0.9893,LPath
L347F,0.944,LPath
L347G,0.9761,LPath
L347H,0.9862,LPath
L347I,0.6272,LPath
L347K,0.9854,LPath
L347M,0.6013,LPath
L347N,0.9919,LPath
L347P,0.9838,LPath
L347Q,0.9569,LPath
L347R,0.9607,LPath
L347S,0.9722,LPath
L347T,0.8746,LPath
L347V,0.556,Amb
L347W,0.9806,LPath
L347Y,0.994,LPath
D348A,0.8227,LPath
D348C,0.9371,LPath
D348E,0.8672,LPath
D348F,0.9897,LPath
D348G,0.5452,Amb
D348H,0.8389,LPath
D348I,0.9805,LPath
D348K,0.9562,LPath
D348L,0.9634,LPath
D348M,0.9903,LPath
D348N,0.3905,Amb
D348P,0.81,LPath
D348Q,0.9354,LPath
D348R,0.941,LPath
D348S,0.5372,Amb
D348T,0.8427,LPath
D348V,0.919,LPath
D348W,0.996,LPath
D348Y,0.9034,LPath
V349A,0.3531,Amb
V349C,0.766,LPath
V349D,0.9079,LPath
V349E,0.8717,LPath
V349F,0.3328,LBen
V349G,0.5624,Amb
V349H,0.9113,LPath
V349I,0.0855,LBen
V349K,0.9165,LPath
V349L,0.4354,Amb
V349M,0.3597,Amb
V349N,0.8158,LPath
V349P,0.7737,LPath
V349Q,0.8773,LPath
V349R,0.8609,LPath
V349S,0.5711,LPath
V349T,0.5084,Amb
V349W,0.9244,LPath
V349Y,0.7966,LPath
R350A,0.3213,LBen
R350C,0.125,LBen
R350D,0.4761,Amb
R350E,0.333,LBen
R350F,0.5206,Amb
R350G,0.1954,LBen
R350H,0.0904,LBen
R350I,0.3711,Amb
R350K,0.1395,LBen
R350L,0.2872,LBen
R350M,0.4757,Amb
R350N,0.4083,Amb
R350P,0.2053,LBen
R350Q,0.101,LBen
R350S,0.3369,LBen
R350T,0.2639,LBen
R350V,0.3818,Amb
R350W,0.1903,LBen
R350Y,0.3194,LBen
S351A,0.1601,LBen
S351C,0.3821,Amb
S351D,0.7803,LPath
S351E,0.9234,LPath
S351F,0.8678,LPath
S351G,0.3192,LBen
S351H,0.8437,LPath
S351I,0.9453,LPath
S351K,0.9901,LPath
S351L,0.6871,LPath
S351M,0.7946,LPath
S351N,0.7503,LPath
S351P,0.9513,LPath
S351Q,0.9249,LPath
S351R,0.9833,LPath
S351T,0.269,LBen
S351V,0.8543,LPath
S351W,0.88,LPath
S351Y,0.803,LPath
V352A,0.7667,LPath
V352C,0.9237,LPath
V352D,0.9915,LPath
V352E,0.9761,LPath
V352F,0.6351,LPath
V352G,0.8757,LPath
V352H,0.9875,LPath
V352I,0.0743,LBen
V352K,0.9794,LPath
V352L,0.1926,LBen
V352M,0.3673,Amb
V352N,0.9553,LPath
V352P,0.9814,LPath
V352Q,0.9654,LPath
V352R,0.9664,LPath
V352S,0.9019,LPath
V352T,0.7725,LPath
V352W,0.9873,LPath
V352Y,0.9641,LPath
L353A,0.5844,LPath
L353C,0.6159,LPath
L353D,0.9703,LPath
L353E,0.846,LPath
L353F,0.4785,Amb
L353G,0.8512,LPath
L353H,0.7218,LPath
L353I,0.1055,LBen
L353K,0.7863,LPath
L353M,0.2616,LBen
L353N,0.8003,LPath
L353P,0.9141,LPath
L353Q,0.546,Amb
L353R,0.5626,Amb
L353S,0.7199,LPath
L353T,0.5087,Amb
L353V,0.1059,LBen
L353W,0.7309,LPath
L353Y,0.835,LPath
S354A,0.0724,LBen
S354C,0.0818,LBen
S354D,0.7336,LPath
S354E,0.7584,LPath
S354F,0.3549,Amb
S354G,0.1687,LBen
S354H,0.4435,Amb
S354I,0.5555,Amb
S354K,0.8453,LPath
S354L,0.1934,LBen
S354M,0.4025,Amb
S354N,0.3303,LBen
S354P,0.8612,LPath
S354Q,0.592,LPath
S354R,0.6835,LPath
S354T,0.1943,LBen
S354V,0.4071,Amb
S354W,0.4815,Amb
S354Y,0.2834,LBen
L355A,0.757,LPath
L355C,0.878,LPath
L355D,0.9992,LPath
L355E,0.9941,LPath
L355F,0.6463,LPath
L355G,0.9831,LPath
L355H,0.9855,LPath
L355I,0.2602,LBen
L355K,0.9956,LPath
L355M,0.3207,LBen
L355N,0.9943,LPath
L355P,0.9926,LPath
L355Q,0.9696,LPath
L355R,0.9833,LPath
L355S,0.9521,LPath
L355T,0.8757,LPath
L355V,0.1906,LBen
L355W,0.9668,LPath
L355Y,0.9793,LPath
S356A,0.1715,LBen
S356C,0.4185,Amb
S356D,0.9812,LPath
S356E,0.9588,LPath
S356F,0.9182,LPath
S356G,0.2779,LBen
S356H,0.9325,LPath
S356I,0.9579,LPath
S356K,0.9894,LPath
S356L,0.728,LPath
S356M,0.8256,LPath
S356N,0.9044,LPath
S356P,0.9596,LPath
S356Q,0.9027,LPath
S356R,0.9744,LPath
S356T,0.5262,Amb
S356V,0.9134,LPath
S356W,0.9439,LPath
S356Y,0.8906,LPath
A357C,0.4446,Amb
A357D,0.6019,LPath
A357E,0.3836,Amb
A357F,0.5288,Amb
A357G,0.2193,LBen
A357H,0.6377,LPath
A357I,0.3675,Amb
A357K,0.5737,LPath
A357L,0.2648,LBen
A357M,0.2527,LBen
A357N,0.4552,Amb
A357P,0.9071,LPath
A357Q,0.4221,Amb
A357R,0.459,Amb
A357S,0.1138,LBen
A357T,0.107,LBen
A357V,0.1458,LBen
A357W,0.8622,LPath
A357Y,0.6878,LPath
V358A,0.2959,LBen
V358C,0.8696,LPath
V358D,0.9638,LPath
V358E,0.9345,LPath
V358F,0.8097,LPath
V358G,0.553,Amb
V358H,0.9764,LPath
V358I,0.1831,LBen
V358K,0.9708,LPath
V358L,0.7183,LPath
V358M,0.6451,LPath
V358N,0.8658,LPath
V358P,0.9734,LPath
V358Q,0.9266,LPath
V358R,0.9358,LPath
V358S,0.4077,Amb
V358T,0.23,LBen
V358W,0.9959,LPath
V358Y,0.9804,LPath
C359A,0.9205,LPath
C359D,0.9565,LPath
C359E,0.9944,LPath
C359F,0.9278,LPath
C359G,0.6278,LPath
C359H,0.9234,LPath
C359I,0.9893,LPath
C359K,0.9978,LPath
C359L,0.9748,LPath
C359M,0.9822,LPath
C359N,0.6899,LPath
C359P,0.9983,LPath
C359Q,0.9802,LPath
C359R,0.9805,LPath
C359S,0.4232,Amb
C359T,0.8659,LPath
C359V,0.9729,LPath
C359W,0.9755,LPath
C359Y,0.9443,LPath
R360A,0.4218,Amb
R360C,0.1528,LBen
R360D,0.5766,LPath
R360E,0.3899,Amb
R360F,0.5457,Amb
R360G,0.2381,LBen
R360H,0.074,LBen
R360I,0.4392,Amb
R360K,0.1354,LBen
R360L,0.3093,LBen
R360M,0.4951,Amb
R360N,0.4468,Amb
R360P,0.5495,Amb
R360Q,0.108,LBen
R360S,0.413,Amb
R360T,0.2985,LBen
R360V,0.4627,Amb
R360W,0.1632,LBen
R360Y,0.2961,LBen
D361A,0.5222,Amb
D361C,0.8504,LPath
D361E,0.3508,Amb
D361F,0.8569,LPath
D361G,0.4607,Amb
D361H,0.5732,LPath
D361I,0.7555,LPath
D361K,0.8368,LPath
D361L,0.7675,LPath
D361M,0.9177,LPath
D361N,0.3325,LBen
D361P,0.9068,LPath
D361Q,0.7376,LPath
D361R,0.8264,LPath
D361S,0.3919,Amb
D361T,0.6394,LPath
D361V,0.5423,Amb
D361W,0.9668,LPath
D361Y,0.4503,Amb
L362A,0.9128,LPath
L362C,0.8763,LPath
L362D,0.9948,LPath
L362E,0.9878,LPath
L362F,0.2755,LBen
L362G,0.9753,LPath
L362H,0.9295,LPath
L362I,0.2903,LBen
L362K,0.9884,LPath
L362M,0.3039,LBen
L362N,0.9735,LPath
L362P,0.9863,LPath
L362Q,0.9526,LPath
L362R,0.9623,LPath
L362S,0.9633,LPath
L362T,0.8982,LPath
L362V,0.3557,Amb
L362W,0.7943,LPath
L362Y,0.8448,LPath
F363A,0.2729,LBen
F363C,0.1044,LBen
F363D,0.5632,Amb
F363E,0.6037,LPath
F363G,0.4435,Amb
F363H,0.198,LBen
F363I,0.1943,LBen
F363K,0.4766,Amb
F363L,0.4275,Amb
F363M,0.3515,Amb
F363N,0.2647,LBen
F363P,0.9619,LPath
F363Q,0.3312,LBen
F363R,0.25,LBen
F363S,0.1911,LBen
F363T,0.3912,Amb
F363V,0.1587,LBen
F363W,0.2632,LBen
F363Y,0.0641,LBen
T364A,0.0642,LBen
T364C,0.2406,LBen
T364D,0.2919,LBen
T364E,0.24,LBen
T364F,0.1489,LBen
T364G,0.1848,LBen
T364H,0.1814,LBen
T364I,0.078,LBen
T364K,0.2225,LBen
T364L,0.0626,LBen
T364M,0.0718,LBen
T364N,0.1025,LBen
T364P,0.19,LBen
T364Q,0.2135,LBen
T364R,0.1566,LBen
T364S,0.0904,LBen
T364V,0.0834,LBen
T364W,0.425,Amb
T364Y,0.1975,LBen
A365C,0.5366,Amb
A365D,0.5932,LPath
A365E,0.6793,LPath
A365F,0.6211,LPath
A365G,0.339,LBen
A365H,0.8088,LPath
A365I,0.3708,Amb
A365K,0.9164,LPath
A365L,0.3779,Amb
A365M,0.4378,Amb
A365N,0.5866,LPath
A365P,0.789,LPath
A365Q,0.7551,LPath
A365R,0.8541,LPath
A365S,0.1285,LBen
A365T,0.1089,LBen
A365V,0.1546,LBen
A365W,0.9318,LPath
A365Y,0.7757,LPath
S366A,0.0591,LBen
S366C,0.101,LBen
S366D,0.978,LPath
S366E,0.971,LPath
S366F,0.7216,LPath
S366G,0.1506,LBen
S366H,0.9405,LPath
S366I,0.5224,Amb
S366K,0.9919,LPath
S366L,0.2522,LBen
S366M,0.4319,Amb
S366N,0.8343,LPath
S366P,0.9362,LPath
S366Q,0.949,LPath
S366R,0.9823,LPath
S366T,0.0905,LBen
S366V,0.3253,LBen
S366W,0.8866,LPath
S366Y,0.8117,LPath
N367A,0.1744,LBen
N367C,0.1632,LBen
N367D,0.1468,LBen
N367E,0.3512,Amb
N367F,0.6832,LPath
N367G,0.2005,LBen
N367H,0.1072,LBen
N367I,0.352,Amb
N367K,0.2876,LBen
N367L,0.2947,LBen
N367M,0.3796,Amb
N367P,0.9156,LPath
N367Q,0.2725,LBen
N367R,0.2571,LBen
N367S,0.0561,LBen
N367T,0.1342,LBen
N367V,0.2672,LBen
N367W,0.8025,LPath
N367Y,0.2354,LBen
D368A,0.8996,LPath
D368C,0.9516,LPath
D368E,0.7708,LPath
D368F,0.9808,LPath
D368G,0.9685,LPath
D368H,0.8689,LPath
D368I,0.9664,LPath
D368K,0.9851,LPath
D368L,0.9532,LPath
D368M,0.9897,LPath
D368N,0.6968,LPath
D368P,0.9925,LPath
D368Q,0.9651,LPath
D368R,0.9794,LPath
D368S,0.7957,LPath
D368T,0.9513,LPath
D368V,0.9225,LPath
D368W,0.9968,LPath
D368Y,0.8446,LPath
P369A,0.0932,LBen
P369C,0.5161,Amb
P369D,0.5123,Amb
P369E,0.2852,LBen
P369F,0.6433,LPath
P369G,0.3389,LBen
P369H,0.209,LBen
P369I,0.3995,Amb
P369K,0.3032,LBen
P369L,0.1854,LBen
P369M,0.3957,Amb
P369N,0.3432,Amb
P369Q,0.1181,LBen
P369R,0.1892,LBen
P369S,0.1117,LBen
P369T,0.1132,LBen
P369V,0.259,LBen
P369W,0.6915,LPath
P369Y,0.56,Amb
L370A,0.2503,LBen
L370C,0.5908,LPath
L370D,0.7886,LPath
L370E,0.5459,Amb
L370F,0.2015,LBen
L370G,0.5649,LPath
L370H,0.3259,LBen
L370I,0.1497,LBen
L370K,0.5248,Amb
L370M,0.1499,LBen
L370N,0.4946,Amb
L370P,0.6113,LPath
L370Q,0.2114,LBen
L370R,0.3572,Amb
L370S,0.256,LBen
L370T,0.2804,LBen
L370V,0.1224,LBen
L370W,0.3829,Amb
L370Y,0.4561,Amb
L371A,0.9505,LPath
L371C,0.9511,LPath
L371D,0.9986,LPath
L371E,0.9934,LPath
L371F,0.7893,LPath
L371G,0.9874,LPath
L371H,0.9765,LPath
L371I,0.3943,Amb
L371K,0.9863,LPath
L371M,0.7231,LPath
L371N,0.9927,LPath
L371P,0.9656,LPath
L371Q,0.9712,LPath
L371R,0.9617,LPath
L371S,0.9885,LPath
L371T,0.9556,LPath
L371V,0.4599,Amb
L371W,0.9612,LPath
L371Y,0.9746,LPath
W372A,0.9956,LPath
W372C,0.9948,LPath
W372D,0.9995,LPath
W372E,0.9989,LPath
W372F,0.875,LPath
W372G,0.9747,LPath
W372H,0.994,LPath
W372I,0.9958,LPath
W372K,0.9994,LPath
W372L,0.9757,LPath
W372M,0.9967,LPath
W372N,0.9991,LPath
W372P,0.9976,LPath
W372Q,0.9987,LPath
W372R,0.9981,LPath
W372S,0.9912,LPath
W372T,0.9973,LPath
W372V,0.9949,LPath
W372Y,0.9447,LPath
R373A,0.9568,LPath
R373C,0.511,Amb
R373D,0.9846,LPath
R373E,0.8567,LPath
R373F,0.9755,LPath
R373G,0.8727,LPath
R373H,0.287,LBen
R373I,0.9534,LPath
R373K,0.2282,LBen
R373L,0.8923,LPath
R373M,0.9328,LPath
R373N,0.9597,LPath
R373P,0.9831,LPath
R373Q,0.2773,LBen
R373S,0.9611,LPath
R373T,0.9607,LPath
R373V,0.96,LPath
R373W,0.713,LPath
R373Y,0.858,LPath
F374A,0.6435,LPath
F374C,0.0796,LBen
F374D,0.8887,LPath
F374E,0.9217,LPath
F374G,0.7509,LPath
F374H,0.4129,Amb
F374I,0.388,Amb
F374K,0.8964,LPath
F374L,0.8812,LPath
F374M,0.646,LPath
F374N,0.6247,LPath
F374P,0.9892,LPath
F374Q,0.772,LPath
F374R,0.762,LPath
F374S,0.4932,Amb
F374T,0.6781,LPath
F374V,0.3266,LBen
F374W,0.4022,Amb
F374Y,0.1071,LBen
L375A,0.8596,LPath
L375C,0.7395,LPath
L375D,0.9952,LPath
L375E,0.9622,LPath
L375F,0.2586,LBen
L375G,0.9638,LPath
L375H,0.753,LPath
L375I,0.1547,LBen
L375K,0.9032,LPath
L375M,0.1843,LBen
L375N,0.9507,LPath
L375P,0.9702,LPath
L375Q,0.7035,LPath
L375R,0.774,LPath
L375S,0.9107,LPath
L375T,0.8403,LPath
L375V,0.2349,LBen
L375W,0.6017,LPath
L375Y,0.7501,LPath
Y376A,0.9267,LPath
Y376C,0.2166,LBen
Y376D,0.9902,LPath
Y376E,0.9955,LPath
Y376F,0.128,LBen
Y376G,0.9252,LPath
Y376H,0.7823,LPath
Y376I,0.8656,LPath
Y376K,0.9918,LPath
Y376L,0.6171,LPath
Y376M,0.9055,LPath
Y376N,0.9232,LPath
Y376P,0.9932,LPath
Y376Q,0.9827,LPath
Y376R,0.9661,LPath
Y376S,0.8642,LPath
Y376T,0.9506,LPath
Y376V,0.6607,LPath
Y376W,0.7762,LPath
L377A,0.4297,Amb
L377C,0.4739,Amb
L377D,0.8966,LPath
L377E,0.5028,Amb
L377F,0.2241,LBen
L377G,0.6782,LPath
L377H,0.2666,LBen
L377I,0.1282,LBen
L377K,0.3092,LBen
L377M,0.1541,LBen
L377N,0.6268,LPath
L377P,0.9374,LPath
L377Q,0.1471,LBen
L377R,0.1574,LBen
L377S,0.5045,Amb
L377T,0.4202,Amb
L377V,0.1236,LBen
L377W,0.3419,Amb
L377Y,0.5051,Amb
R378A,0.9774,LPath
R378C,0.7772,LPath
R378D,0.9902,LPath
R378E,0.9243,LPath
R378F,0.9949,LPath
R378G,0.9513,LPath
R378H,0.6218,LPath
R378I,0.9749,LPath
R378K,0.5275,Amb
R378L,0.9323,LPath
R378M,0.9741,LPath
R378N,0.984,LPath
R378P,0.9941,LPath
R378Q,0.4981,Amb
R378S,0.9838,LPath
R378T,0.9673,LPath
R378V,0.9781,LPath
R378W,0.823,LPath
R378Y,0.972,LPath
D379A,0.9611,LPath
D379C,0.9926,LPath
D379E,0.8871,LPath
D379F,0.9878,LPath
D379G,0.9577,LPath
D379H,0.9314,LPath
D379I,0.9854,LPath
D379K,0.9815,LPath
D379L,0.9875,LPath
D379M,0.997,LPath
D379N,0.8277,LPath
D379P,0.997,LPath
D379Q,0.9784,LPath
D379R,0.9772,LPath
D379S,0.9345,LPath
D379T,0.971,LPath
D379V,0.9511,LPath
D379W,0.9974,LPath
D379Y,0.8986,LPath
F380A,0.9858,LPath
F380C,0.9065,LPath
F380D,0.9906,LPath
F380E,0.9919,LPath
F380G,0.9824,LPath
F380H,0.9031,LPath
F380I,0.9357,LPath
F380K,0.9909,LPath
F380L,0.9901,LPath
F380M,0.967,LPath
F380N,0.9663,LPath
F380P,0.9988,LPath
F380Q,0.9835,LPath
F380R,0.97,LPath
F380S,0.9676,LPath
F380T,0.9819,LPath
F380V,0.9247,LPath
F380W,0.8155,LPath
F380Y,0.518,Amb
R381A,0.4635,Amb
R381C,0.2251,LBen
R381D,0.6975,LPath
R381E,0.4059,Amb
R381F,0.7588,LPath
R381G,0.1801,LBen
R381H,0.1382,LBen
R381I,0.6435,LPath
R381K,0.1451,LBen
R381L,0.4302,Amb
R381M,0.5866,LPath
R381N,0.6345,LPath
R381P,0.3156,LBen
R381Q,0.1014,LBen
R381S,0.4992,Amb
R381T,0.3553,Amb
R381V,0.6309,LPath
R381W,0.2365,LBen
R381Y,0.5844,LPath
D382A,0.3374,LBen
D382C,0.674,LPath
D382E,0.407,Amb
D382F,0.817,LPath
D382G,0.2006,LBen
D382H,0.6656,LPath
D382I,0.7323,LPath
D382K,0.7665,LPath
D382L,0.7228,LPath
D382M,0.886,LPath
D382N,0.3192,LBen
D382P,0.7732,LPath
D382Q,0.6769,LPath
D382R,0.7392,LPath
D382S,0.3046,LBen
D382T,0.5432,Amb
D382V,0.4427,Amb
D382W,0.9198,LPath
D382Y,0.4568,Amb
N383A,0.0935,LBen
N383C,0.1129,LBen
N383D,0.0808,LBen
N383E,0.1936,LBen
N383F,0.3464,Amb
N383G,0.0942,LBen
N383H,0.0759,LBen
N383I,0.15,LBen
N383K,0.1575,LBen
N383L,0.1689,LBen
N383M,0.2593,LBen
N383P,0.1218,LBen
N383Q,0.1714,LBen
N383R,0.139,LBen
N383S,0.0539,LBen
N383T,0.075,LBen
N383V,0.1351,LBen
N383W,0.5004,Amb
N383Y,0.1217,LBen
T384A,0.0659,LBen
T384C,0.2713,LBen
T384D,0.2745,LBen
T384E,0.2766,LBen
T384F,0.2477,LBen
T384G,0.1614,LBen
T384H,0.1844,LBen
T384I,0.1756,LBen
T384K,0.1867,LBen
T384L,0.1269,LBen
T384M,0.1072,LBen
T384N,0.112,LBen
T384P,0.1042,LBen
T384Q,0.1987,LBen
T384R,0.1292,LBen
T384S,0.0915,LBen
T384V,0.1311,LBen
T384W,0.4815,Amb
T384Y,0.2501,LBen
V385A,0.0938,LBen
V385C,0.4976,Amb
V385D,0.1825,LBen
V385E,0.1986,LBen
V385F,0.1334,LBen
V385G,0.1094,LBen
V385H,0.3622,Amb
V385I,0.0888,LBen
V385K,0.2526,LBen
V385L,0.1474,LBen
V385M,0.133,LBen
V385N,0.1487,LBen
V385P,0.2132,LBen
V385Q,0.2174,LBen
V385R,0.207,LBen
V385S,0.1095,LBen
V385T,0.1179,LBen
V385W,0.612,LPath
V385Y,0.3858,Amb
R386A,0.5309,Amb
R386C,0.2825,LBen
R386D,0.7727,LPath
R386E,0.4811,Amb
R386F,0.7529,LPath
R386G,0.3656,Amb
R386H,0.1999,LBen
R386I,0.5279,Amb
R386K,0.2031,LBen
R386L,0.4072,Amb
R386M,0.5218,Amb
R386N,0.7399,LPath
R386P,0.4849,Amb
R386Q,0.1553,LBen
R386S,0.6655,LPath
R386T,0.4118,Amb
R386V,0.5369,Amb
R386W,0.2945,LBen
R386Y,0.6042,LPath
V387A,0.0982,LBen
V387C,0.4225,Amb
V387D,0.1628,LBen
V387E,0.1935,LBen
V387F,0.123,LBen
V387G,0.0756,LBen
V387H,0.3277,LBen
V387I,0.0976,LBen
V387K,0.2564,LBen
V387L,0.1478,LBen
V387M,0.1538,LBen
V387N,0.146,LBen
V387P,0.1529,LBen
V387Q,0.2029,LBen
V387R,0.197,LBen
V387S,0.1,LBen
V387T,0.1363,LBen
V387W,0.5638,Amb
V387Y,0.3576,Amb
Q388A,0.1436,LBen
Q388C,0.4197,Amb
Q388D,0.3209,LBen
Q388E,0.0938,LBen
Q388F,0.597,LPath
Q388G,0.1419,LBen
Q388H,0.1575,LBen
Q388I,0.4145,Amb
Q388K,0.0854,LBen
Q388L,0.1537,LBen
Q388M,0.3939,Amb
Q388N,0.2435,LBen
Q388P,0.0691,LBen
Q388R,0.0598,LBen
Q388S,0.1755,LBen
Q388T,0.162,LBen
Q388V,0.2583,LBen
Q388W,0.3392,LBen
Q388Y,0.396,Amb
D389A,0.2911,LBen
D389C,0.7343,LPath
D389E,0.278,LBen
D389F,0.7191,LPath
D389G,0.137,LBen
D389H,0.427,Amb
D389I,0.6473,LPath
D389K,0.6075,LPath
D389L,0.5852,LPath
D389M,0.8057,LPath
D389N,0.1392,LBen
D389P,0.7012,LPath
D389Q,0.5266,Amb
D389R,0.6103,LPath
D389S,0.2146,LBen
D389T,0.4145,Amb
D389V,0.3875,Amb
D389W,0.9218,LPath
D389Y,0.3135,LBen
T390A,0.1771,LBen
T390C,0.5989,LPath
T390D,0.6883,LPath
T390E,0.575,LPath
T390F,0.6302,LPath
T390G,0.4373,Amb
T390H,0.531,Amb
T390I,0.4497,Amb
T390K,0.3779,Amb
T390L,0.2742,LBen
T390M,0.1615,LBen
T390N,0.3784,Amb
T390P,0.4297,Amb
T390Q,0.4146,Amb
T390R,0.2926,LBen
T390S,0.246,LBen
T390V,0.3111,LBen
T390W,0.8063,LPath
T390Y,0.6486,LPath
D391A,0.5729,LPath
D391C,0.8248,LPath
D391E,0.6406,LPath
D391F,0.9546,LPath
D391G,0.6937,LPath
D391H,0.7068,LPath
D391I,0.8658,LPath
D391K,0.8707,LPath
D391L,0.8546,LPath
D391M,0.9593,LPath
D391N,0.1489,LBen
D391P,0.8587,LPath
D391Q,0.7926,LPath
D391R,0.8295,LPath
D391S,0.3312,LBen
D391T,0.7848,LPath
D391V,0.6705,LPath
D391W,0.9872,LPath
D391Y,0.6643,LPath
W392A,0.9901,LPath
W392C,0.9937,LPath
W392D,0.9973,LPath
W392E,0.9972,LPath
W392F,0.7959,LPath
W392G,0.9552,LPath
W392H,0.9937,LPath
W392I,0.9881,LPath
W392K,0.999,LPath
W392L,0.9721,LPath
W392M,0.9936,LPath
W392N,0.9974,LPath
W392P,0.9897,LPath
W392Q,0.9988,LPath
W392R,0.9973,LPath
W392S,0.9815,LPath
W392T,0.9917,LPath
W392V,0.985,LPath
W392Y,0.9019,LPath
K393A,0.9543,LPath
K393C,0.969,LPath
K393D,0.9921,LPath
K393E,0.8232,LPath
K393F,0.9704,LPath
K393G,0.9506,LPath
K393H,0.8412,LPath
K393I,0.9489,LPath
K393L,0.8969,LPath
K393M,0.7989,LPath
K393N,0.9733,LPath
K393P,0.978,LPath
K393Q,0.531,Amb
K393R,0.1267,LBen
K393S,0.9806,LPath
K393T,0.9307,LPath
K393V,0.9288,LPath
K393W,0.9522,LPath
K393Y,0.8973,LPath
E394A,0.1757,LBen
E394C,0.8704,LPath
E394D,0.1675,LBen
E394F,0.7851,LPath
E394G,0.2326,LBen
E394H,0.5914,LPath
E394I,0.4875,Amb
E394K,0.2844,LBen
E394L,0.4337,Amb
E394M,0.4706,Amb
E394N,0.3709,Amb
E394P,0.9115,LPath
E394Q,0.194,LBen
E394R,0.4113,Amb
E394S,0.3195,LBen
E394T,0.3184,LBen
E394V,0.2665,LBen
E394W,0.8938,LPath
E394Y,0.6058,LPath
L395A,0.5183,Amb
L395C,0.6702,LPath
L395D,0.9054,LPath
L395E,0.601,LPath
L395F,0.5046,Amb
L395G,0.8275,LPath
L395H,0.5519,Amb
L395I,0.2092,LBen
L395K,0.4066,Amb
L395M,0.2601,LBen
L395N,0.7751,LPath
L395P,0.9576,LPath
L395Q,0.3363,LBen
L395R,0.3002,LBen
L395S,0.7788,LPath
L395T,0.6166,LPath
L395V,0.2025,LBen
L395W,0.6019,LPath
L395Y,0.6228,LPath
Y396A,0.9934,LPath
Y396C,0.9528,LPath
Y396D,0.9942,LPath
Y396E,0.9976,LPath
Y396F,0.4889,Amb
Y396G,0.9797,LPath
Y396H,0.9712,LPath
Y396I,0.9868,LPath
Y396K,0.9965,LPath
Y396L,0.9282,LPath
Y396M,0.9921,LPath
Y396N,0.9862,LPath
Y396P,0.995,LPath
Y396Q,0.9957,LPath
Y396R,0.984,LPath
Y396S,0.9836,LPath
Y396T,0.9967,LPath
Y396V,0.9702,LPath
Y396W,0.8734,LPath
R397A,0.718,LPath
R397C,0.2892,LBen
R397D,0.9785,LPath
R397E,0.6436,LPath
R397F,0.8272,LPath
R397G,0.592,LPath
R397H,0.2904,LBen
R397I,0.3906,Amb
R397K,0.0824,LBen
R397L,0.4661,Amb
R397M,0.4961,Amb
R397N,0.9402,LPath
R397P,0.9727,LPath
R397Q,0.1384,LBen
R397S,0.8732,LPath
R397T,0.6098,LPath
R397V,0.5307,Amb
R397W,0.3507,Amb
R397Y,0.7375,LPath
K398A,0.5711,LPath
K398C,0.7892,LPath
K398D,0.8123,LPath
K398E,0.2738,LBen
K398F,0.8873,LPath
K398G,0.6967,LPath
K398H,0.4763,Amb
K398I,0.4816,Amb
K398L,0.4864,Amb
K398M,0.3466,Amb
K398N,0.6288,LPath
K398P,0.9807,LPath
K398Q,0.1413,LBen
K398R,0.0887,LBen
K398S,0.6633,LPath
K398T,0.3635,Amb
K398V,0.5074,Amb
K398W,0.8066,LPath
K398Y,0.7603,LPath
R399A,0.512,Amb
R399C,0.2545,LBen
R399D,0.8773,LPath
R399E,0.4859,Amb
R399F,0.6963,LPath
R399G,0.4058,Amb
R399H,0.1742,LBen
R399I,0.3938,Amb
R399K,0.0755,LBen
R399L,0.3199,LBen
R399M,0.3166,LBen
R399N,0.7256,LPath
R399P,0.9328,LPath
R399Q,0.1314,LBen
R399S,0.6624,LPath
R399T,0.4179,Amb
R399V,0.4943,Amb
R399W,0.2802,LBen
R399Y,0.5239,Amb
H400A,0.4961,Amb
H400C,0.2022,LBen
H400D,0.6491,LPath
H400E,0.5814,LPath
H400F,0.2023,LBen
H400G,0.6355,LPath
H400I,0.3665,Amb
H400K,0.4784,Amb
H400L,0.1681,LBen
H400M,0.5299,Amb
H400N,0.2806,LBen
H400P,0.7918,LPath
H400Q,0.3151,LBen
H400R,0.213,LBen
H400S,0.5128,Amb
H400T,0.5658,LPath
H400V,0.3102,LBen
H400W,0.2927,LBen
H400Y,0.0596,LBen
I401A,0.2642,LBen
I401C,0.4482,Amb
I401D,0.7335,LPath
I401E,0.4023,Amb
I401F,0.1539,LBen
I401G,0.5003,Amb
I401H,0.2687,LBen
I401K,0.0868,LBen
I401L,0.098,LBen
I401M,0.1045,LBen
I401N,0.2713,LBen
I401P,0.808,LPath
I401Q,0.1562,LBen
I401R,0.0813,LBen
I401S,0.2642,LBen
I401T,0.236,LBen
I401V,0.1006,LBen
I401W,0.5369,Amb
I401Y,0.3784,Amb
Q402A,0.2477,LBen
Q402C,0.6305,LPath
Q402D,0.5836,LPath
Q402E,0.1031,LBen
Q402F,0.6884,LPath
Q402G,0.3716,Amb
Q402H,0.2951,LBen
Q402I,0.4022,Amb
Q402K,0.14,LBen
Q402L,0.1456,LBen
Q402M,0.3968,Amb
Q402N,0.4933,Amb
Q402P,0.5344,Amb
Q402R,0.1158,LBen
Q402S,0.3886,Amb
Q402T,0.3637,Amb
Q402V,0.312,LBen
Q402W,0.5131,Amb
Q402Y,0.529,Amb
R403A,0.4441,Amb
R403C,0.2283,LBen
R403D,0.7719,LPath
R403E,0.3786,Amb
R403F,0.6283,LPath
R403G,0.2831,LBen
R403H,0.1695,LBen
R403I,0.2832,LBen
R403K,0.0888,LBen
R403L,0.2665,LBen
R403M,0.262,LBen
R403N,0.6219,LPath
R403P,0.8169,LPath
R403Q,0.1094,LBen
R403S,0.5882,LPath
R403T,0.3589,Amb
R403V,0.3818,Amb
R403W,0.207,LBen
R403Y,0.4728,Amb
K404A,0.4479,Amb
K404C,0.7379,LPath
K404D,0.7499,LPath
K404E,0.2404,LBen
K404F,0.8617,LPath
K404G,0.4684,Amb
K404H,0.4864,Amb
K404I,0.4213,Amb
K404L,0.411,Amb
K404M,0.2906,LBen
K404N,0.5673,LPath
K404P,0.8141,LPath
K404Q,0.1564,LBen
K404R,0.0772,LBen
K404S,0.5731,LPath
K404T,0.2991,LBen
K404V,0.4277,Amb
K404W,0.7516,LPath
K404Y,0.7422,LPath
E405A,0.109,LBen
E405C,0.6488,LPath
E405D,0.0935,LBen
E405F,0.552,Amb
E405G,0.1162,LBen
E405H,0.3388,LBen
E405I,0.2482,LBen
E405K,0.1679,LBen
E405L,0.2873,LBen
E405M,0.354,Amb
E405N,0.1726,LBen
E405P,0.4926,Amb
E405Q,0.1218,LBen
E405R,0.2174,LBen
E405S,0.1628,LBen
E405T,0.179,LBen
E405V,0.1488,LBen
E405W,0.7301,LPath
E405Y,0.3925,Amb
S406A,0.0626,LBen
S406C,0.0823,LBen
S406D,0.2131,LBen
S406E,0.2535,LBen
S406F,0.1099,LBen
S406G,0.0833,LBen
S406H,0.1657,LBen
S406I,0.092,LBen
S406K,0.2879,LBen
S406L,0.0838,LBen
S406M,0.1305,LBen
S406N,0.0898,LBen
S406P,0.1402,LBen
S406Q,0.2323,LBen
S406R,0.2464,LBen
S406T,0.071,LBen
S406V,0.0984,LBen
S406W,0.1499,LBen
S406Y,0.093,LBen
P407A,0.0634,LBen
P407C,0.1904,LBen
P407D,0.2335,LBen
P407E,0.123,LBen
P407F,0.2282,LBen
P407G,0.1455,LBen
P407H,0.0871,LBen
P407I,0.1459,LBen
P407K,0.1156,LBen
P407L,0.0795,LBen
P407M,0.18,LBen
P407N,0.1702,LBen
P407Q,0.0625,LBen
P407R,0.0684,LBen
P407S,0.0826,LBen
P407T,0.0725,LBen
P407V,0.1116,LBen
P407W,0.2165,LBen
P407Y,0.1963,LBen
K408A,0.1815,LBen
K408C,0.4769,Amb
K408D,0.365,Amb
K408E,0.1201,LBen
K408F,0.5607,Amb
K408G,0.21,LBen
K408H,0.2145,LBen
K408I,0.2549,LBen
K408L,0.2521,LBen
K408M,0.2088,LBen
K408N,0.2686,LBen
K408P,0.2723,LBen
K408Q,0.104,LBen
K408R,0.0572,LBen
K408S,0.2486,LBen
K408T,0.1429,LBen
K408V,0.2373,LBen
K408W,0.5131,Amb
K408Y,0.4437,Amb
G409A,0.0889,LBen
G409C,0.1367,LBen
G409D,0.1402,LBen
G409E,0.1117,LBen
G409F,0.3232,LBen
G409H,0.2123,LBen
G409I,0.1609,LBen
G409K,0.2367,LBen
G409L,0.2257,LBen
G409M,0.2464,LBen
G409N,0.1752,LBen
G409P,0.3408,Amb
G409Q,0.1763,LBen
G409R,0.166,LBen
G409S,0.093,LBen
G409T,0.1158,LBen
G409V,0.1021,LBen
G409W,0.1646,LBen
G409Y,0.1957,LBen
R410A,0.2721,LBen
R410C,0.1446,LBen
R410D,0.423,Amb
R410E,0.2793,LBen
R410F,0.3856,Amb
R410G,0.1497,LBen
R410H,0.0988,LBen
R410I,0.2258,LBen
R410K,0.1276,LBen
R410L,0.1928,LBen
R410M,0.2856,LBen
R410N,0.3514,Amb
R410P,0.2023,LBen
R410Q,0.0952,LBen
R410S,0.2936,LBen
R410T,0.2169,LBen
R410V,0.2876,LBen
R410W,0.1441,LBen
R410Y,0.2725,LBen
F411A,0.1181,LBen
F411C,0.0902,LBen
F411D,0.1741,LBen
F411E,0.2509,LBen
F411G,0.1941,LBen
F411H,0.1018,LBen
F411I,0.0946,LBen
F411K,0.2517,LBen
F411L,0.4134,Amb
F411M,0.2274,LBen
F411N,0.1243,LBen
F411P,0.2349,LBen
F411Q,0.1893,LBen
F411R,0.1462,LBen
F411S,0.0947,LBen
F411T,0.1336,LBen
F411V,0.0862,LBen
F411W,0.1567,LBen
F411Y,0.0741,LBen
V412A,0.1055,LBen
V412C,0.4337,Amb
V412D,0.1974,LBen
V412E,0.1839,LBen
V412F,0.088,LBen
V412G,0.1111,LBen
V412H,0.2725,LBen
V412I,0.0885,LBen
V412K,0.2113,LBen
V412L,0.1027,LBen
V412M,0.0995,LBen
V412N,0.1836,LBen
V412P,0.1519,LBen
V412Q,0.1661,LBen
V412R,0.15,LBen
V412S,0.1239,LBen
V412T,0.1289,LBen
V412W,0.4173,Amb
V412Y,0.2856,LBen
M413A,0.2329,LBen
M413C,0.5296,Amb
M413D,0.5733,LPath
M413E,0.4216,Amb
M413F,0.1755,LBen
M413G,0.3616,Amb
M413H,0.2847,LBen
M413I,0.2646,LBen
M413K,0.1641,LBen
M413L,0.1024,LBen
M413N,0.3259,LBen
M413P,0.2463,LBen
M413Q,0.215,LBen
M413R,0.151,LBen
M413S,0.2658,LBen
M413T,0.144,LBen
M413V,0.0861,LBen
M413W,0.4082,Amb
M413Y,0.3308,LBen
L414A,0.1607,LBen
L414C,0.236,LBen
L414D,0.35,Amb
L414E,0.2401,LBen
L414F,0.0622,LBen
L414G,0.2348,LBen
L414H,0.1054,LBen
L414I,0.0892,LBen
L414K,0.2151,LBen
L414M,0.1053,LBen
L414N,0.1827,LBen
L414P,0.0864,LBen
L414Q,0.1031,LBen
L414R,0.1117,LBen
L414S,0.1682,LBen
L414T,0.1642,LBen
L414V,0.0821,LBen
L414W,0.1069,LBen
L414Y,0.1376,LBen
L415A,0.1498,LBen
L415C,0.3206,LBen
L415D,0.3772,Amb
L415E,0.2165,LBen
L415F,0.0844,LBen
L415G,0.2622,LBen
L415H,0.119,LBen
L415I,0.0955,LBen
L415K,0.2036,LBen
L415M,0.1145,LBen
L415N,0.2081,LBen
L415P,0.0778,LBen
L415Q,0.0936,LBen
L415R,0.114,LBen
L415S,0.1423,LBen
L415T,0.1543,LBen
L415V,0.0932,LBen
L415W,0.1332,LBen
L415Y,0.1926,LBen
P416A,0.1203,LBen
P416C,0.4791,Amb
P416D,0.3426,Amb
P416E,0.2558,LBen
P416F,0.5012,Amb
P416G,0.2364,LBen
P416H,0.1506,LBen
P416I,0.4756,Amb
P416K,0.3409,Amb
P416L,0.1971,LBen
P416M,0.4806,Amb
P416N,0.2701,LBen
P416Q,0.1431,LBen
P416R,0.1572,LBen
P416S,0.1112,LBen
P416T,0.1291,LBen
P416V,0.3358,LBen
P416W,0.5287,Amb
P416Y,0.3685,Amb
S417A,0.073,LBen
S417C,0.1028,LBen
S417D,0.2842,LBen
S417E,0.3377,LBen
S417F,0.1334,LBen
S417G,0.095,LBen
S417H,0.2142,LBen
S417I,0.1503,LBen
S417K,0.4974,Amb
S417L,0.1075,LBen
S417M,0.1994,LBen
S417N,0.1379,LBen
S417P,0.0656,LBen
S417Q,0.2983,LBen
S417R,0.3866,Amb
S417T,0.0786,LBen
S417V,0.1417,LBen
S417W,0.1884,LBen
S417Y,0.1181,LBen
S418A,0.0693,LBen
S418C,0.0976,LBen
S418D,0.2652,LBen
S418E,0.3044,LBen
S418F,0.1323,LBen
S418G,0.0964,LBen
S418H,0.2022,LBen
S418I,0.1287,LBen
S418K,0.4605,Amb
S418L,0.1014,LBen
S418M,0.1772,LBen
S418N,0.1294,LBen
S418P,0.0666,LBen
S418Q,0.2679,LBen
S418R,0.3564,Amb
S418T,0.0733,LBen
S418V,0.1242,LBen
S418W,0.1876,LBen
S418Y,0.1235,LBen
T419A,0.0636,LBen
T419C,0.2222,LBen
T419D,0.1885,LBen
T419E,0.1868,LBen
T419F,0.1328,LBen
T419G,0.12,LBen
T419H,0.1165,LBen
T419I,0.1056,LBen
T419K,0.1679,LBen
T419L,0.0767,LBen
T419M,0.0918,LBen
T419N,0.0772,LBen
T419P,0.0467,LBen
T419Q,0.1293,LBen
T419R,0.1114,LBen
T419S,0.072,LBen
T419V,0.1031,LBen
T419W,0.2942,LBen
T419Y,0.1328,LBen
H420A,0.1506,LBen
H420C,0.145,LBen
H420D,0.1202,LBen
H420E,0.1647,LBen
H420F,0.2245,LBen
H420G,0.1645,LBen
H420I,0.2334,LBen
H420K,0.232,LBen
H420L,0.1128,LBen
H420M,0.3457,Amb
H420N,0.0758,LBen
H420P,0.0654,LBen
H420Q,0.1199,LBen
H420R,0.0955,LBen
H420S,0.1241,LBen
H420T,0.1646,LBen
H420V,0.1769,LBen
H420W,0.2728,LBen
H420Y,0.0803,LBen
T421A,0.0609,LBen
T421C,0.2035,LBen
T421D,0.1699,LBen
T421E,0.1789,LBen
T421F,0.1608,LBen
T421G,0.1062,LBen
T421H,0.1215,LBen
T421I,0.114,LBen
T421K,0.1805,LBen
T421L,0.0879,LBen
T421M,0.0962,LBen
T421N,0.072,LBen
T421P,0.0476,LBen
T421Q,0.1365,LBen
T421R,0.1263,LBen
T421S,0.0729,LBen
T421V,0.1041,LBen
T421W,0.3204,LBen
T421Y,0.1428,LBen
I422A,0.1801,LBen
I422C,0.4137,Amb
I422D,0.2995,LBen
I422E,0.3532,Amb
I422F,0.0854,LBen
I422G,0.3421,Amb
I422H,0.2266,LBen
I422K,0.2948,LBen
I422L,0.0799,LBen
I422M,0.0876,LBen
I422N,0.0986,LBen
I422P,0.1996,LBen
I422Q,0.2595,LBen
I422R,0.1919,LBen
I422S,0.1259,LBen
I422T,0.1733,LBen
I422V,0.0804,LBen
I422W,0.43,Amb
I422Y,0.2198,LBen
P423A,0.1377,LBen
P423C,0.5442,Amb
P423D,0.5128,Amb
P423E,0.4506,Amb
P423F,0.5684,LPath
P423G,0.376,Amb
P423H,0.238,LBen
P423I,0.4657,Amb
P423K,0.5874,LPath
P423L,0.2173,LBen
P423M,0.5387,Amb
P423N,0.4163,Amb
P423Q,0.2485,LBen
P423R,0.2604,LBen
P423S,0.1519,LBen
P423T,0.164,LBen
P423V,0.3429,Amb
P423W,0.6688,LPath
P423Y,0.4871,Amb
F424A,0.4102,Amb
F424C,0.2496,LBen
F424D,0.6135,LPath
F424E,0.7463,LPath
F424G,0.5579,Amb
F424H,0.5243,Amb
F424I,0.1818,LBen
F424K,0.8382,LPath
F424L,0.7693,LPath
F424M,0.5231,Amb
F424N,0.5203,Amb
F424P,0.654,LPath
F424Q,0.685,LPath
F424R,0.6269,LPath
F424S,0.2939,LBen
F424T,0.4443,Amb
F424V,0.1793,LBen
F424W,0.3724,Amb
F424Y,0.1226,LBen
Y425A,0.2685,LBen
Y425C,0.0874,LBen
Y425D,0.2136,LBen
Y425E,0.455,Amb
Y425F,0.0939,LBen
Y425G,0.2087,LBen
Y425H,0.1118,LBen
Y425I,0.258,LBen
Y425K,0.5026,Amb
Y425L,0.2209,LBen
Y425M,0.4397,Amb
Y425N,0.1364,LBen
Y425P,0.2243,LBen
Y425Q,0.2922,LBen
Y425R,0.2968,LBen
Y425S,0.1004,LBen
Y425T,0.2484,LBen
Y425V,0.2191,LBen
Y425W,0.3167,LBen
P426A,0.1362,LBen
P426C,0.4872,Amb
P426D,0.4707,Amb
P426E,0.33,LBen
P426F,0.5411,Amb
P426G,0.3251,LBen
P426H,0.2105,LBen
P426I,0.4399,Amb
P426K,0.4431,Amb
P426L,0.2044,LBen
P426M,0.4695,Amb
P426N,0.3804,Amb
P426Q,0.179,LBen
P426R,0.1835,LBen
P426S,0.1463,LBen
P426T,0.1567,LBen
P426V,0.3236,LBen
P426W,0.5783,LPath
P426Y,0.4673,Amb
N427A,0.1505,LBen
N427C,0.1843,LBen
N427D,0.1389,LBen
N427E,0.3309,LBen
N427F,0.2878,LBen
N427G,0.1882,LBen
N427H,0.1015,LBen
N427I,0.1284,LBen
N427K,0.3392,LBen
N427L,0.1487,LBen
N427M,0.2396,LBen
N427P,0.1683,LBen
N427Q,0.2719,LBen
N427R,0.3105,LBen
N427S,0.0689,LBen
N427T,0.1081,LBen
N427V,0.1399,LBen
N427W,0.5411,Amb
N427Y,0.1115,LBen
P428A,0.0965,LBen
P428C,0.3927,Amb
P428D,0.3623,Amb
P428E,0.2892,LBen
P428F,0.2853,LBen
P428G,0.2836,LBen
P428H,0.1305,LBen
P428I,0.1918,LBen
P428K,0.3636,Amb
P428L,0.1082,LBen
P428M,0.2769,LBen
P428N,0.2636,LBen
P428Q,0.1506,LBen
P428R,0.1516,LBen
P428S,0.1178,LBen
P428T,0.102,LBen
P428V,0.152,LBen
P428W,0.4563,Amb
P428Y,0.2517,LBen
L429A,0.1602,LBen
L429C,0.3113,LBen
L429D,0.3988,Amb
L429E,0.2673,LBen
L429F,0.0677,LBen
L429G,0.2638,LBen
L429H,0.152,LBen
L429I,0.084,LBen
L429K,0.3058,LBen
L429M,0.1188,LBen
L429N,0.2206,LBen
L429P,0.0964,LBen
L429Q,0.1284,LBen
L429R,0.1569,LBen
L429S,0.1386,LBen
L429T,0.1711,LBen
L429V,0.086,LBen
L429W,0.1037,LBen
L429Y,0.1752,LBen
H430A,0.1761,LBen
H430C,0.1491,LBen
H430D,0.1814,LBen
H430E,0.2341,LBen
H430F,0.167,LBen
H430G,0.2064,LBen
H430I,0.1857,LBen
H430K,0.3059,LBen
H430L,0.0936,LBen
H430M,0.3218,LBen
H430N,0.1062,LBen
H430P,0.0677,LBen
H430Q,0.1472,LBen
H430R,0.1303,LBen
H430S,0.1432,LBen
H430T,0.1914,LBen
H430V,0.1616,LBen
H430W,0.2461,LBen
H430Y,0.0666,LBen
P431A,0.0849,LBen
P431C,0.3185,LBen
P431D,0.3035,LBen
P431E,0.218,LBen
P431F,0.2859,LBen
P431G,0.1956,LBen
P431H,0.1259,LBen
P431I,0.2294,LBen
P431K,0.3065,LBen
P431L,0.1124,LBen
P431M,0.2615,LBen
P431N,0.2175,LBen
P431Q,0.117,LBen
P431R,0.1438,LBen
P431S,0.0852,LBen
P431T,0.0851,LBen
P431V,0.1667,LBen
P431W,0.3899,Amb
P431Y,0.2638,LBen
R432A,0.1649,LBen
R432C,0.1444,LBen
R432D,0.2961,LBen
R432E,0.2014,LBen
R432F,0.1984,LBen
R432G,0.1014,LBen
R432H,0.0982,LBen
R432I,0.1225,LBen
R432K,0.1264,LBen
R432L,0.1076,LBen
R432M,0.1581,LBen
R432N,0.2409,LBen
R432P,0.1357,LBen
R432Q,0.09,LBen
R432S,0.1789,LBen
R432T,0.1302,LBen
R432V,0.1583,LBen
R432W,0.1118,LBen
R432Y,0.1746,LBen
P433A,0.0807,LBen
P433C,0.3385,LBen
P433D,0.2803,LBen
P433E,0.2252,LBen
P433F,0.2515,LBen
P433G,0.1966,LBen
P433H,0.1293,LBen
P433I,0.1939,LBen
P433K,0.3229,LBen
P433L,0.1057,LBen
P433M,0.2458,LBen
P433N,0.2016,LBen
P433Q,0.129,LBen
P433R,0.1518,LBen
P433S,0.0944,LBen
P433T,0.0886,LBen
P433V,0.1432,LBen
P433W,0.3784,Amb
P433Y,0.2252,LBen
F434A,0.4148,Amb
F434C,0.3063,LBen
F434D,0.5833,LPath
F434E,0.6964,LPath
F434G,0.5816,LPath
F434H,0.4679,Amb
F434I,0.1547,LBen
F434K,0.7707,LPath
F434L,0.6579,LPath
F434M,0.4191,Amb
F434N,0.4343,Amb
F434P,0.5971,LPath
F434Q,0.6089,LPath
F434R,0.6119,LPath
F434S,0.2638,LBen
F434T,0.4254,Amb
F434V,0.1793,LBen
F434W,0.3482,Amb
F434Y,0.148,LBen
P435A,0.0935,LBen
P435C,0.3497,Amb
P435D,0.3725,Amb
P435E,0.2664,LBen
P435F,0.2602,LBen
P435G,0.2332,LBen
P435H,0.1388,LBen
P435I,0.2185,LBen
P435K,0.3857,Amb
P435L,0.1006,LBen
P435M,0.294,LBen
P435N,0.2741,LBen
P435Q,0.143,LBen
P435R,0.1598,LBen
P435S,0.1009,LBen
P435T,0.1068,LBen
P435V,0.167,LBen
P435W,0.3798,Amb
P435Y,0.2627,LBen
S436A,0.071,LBen
S436C,0.0987,LBen
S436D,0.2305,LBen
S436E,0.3614,Amb
S436F,0.1341,LBen
S436G,0.079,LBen
S436H,0.2186,LBen
S436I,0.1381,LBen
S436K,0.5496,Amb
S436L,0.1052,LBen
S436M,0.1964,LBen
S436N,0.105,LBen
S436P,0.0749,LBen
S436Q,0.3306,LBen
S436R,0.4048,Amb
S436T,0.0796,LBen
S436V,0.1368,LBen
S436W,0.2007,LBen
S436Y,0.1232,LBen
S437A,0.0885,LBen
S437C,0.1032,LBen
S437D,0.3204,LBen
S437E,0.44,Amb
S437F,0.1441,LBen
S437G,0.0995,LBen
S437H,0.252,LBen
S437I,0.1602,LBen
S437K,0.6577,LPath
S437L,0.1124,LBen
S437M,0.2147,LBen
S437N,0.1308,LBen
S437P,0.0869,LBen
S437Q,0.3855,Amb
S437R,0.5067,Amb
S437T,0.0902,LBen
S437V,0.1613,LBen
S437W,0.1931,LBen
S437Y,0.1359,LBen
R438A,0.1411,LBen
R438C,0.1163,LBen
R438D,0.2675,LBen
R438E,0.2173,LBen
R438F,0.1398,LBen
R438G,0.1083,LBen
R438H,0.0826,LBen
R438I,0.0887,LBen
R438K,0.1419,LBen
R438L,0.0607,LBen
R438M,0.1338,LBen
R438N,0.2108,LBen
R438P,0.0779,LBen
R438Q,0.0884,LBen
R438S,0.1605,LBen
R438T,0.1211,LBen
R438V,0.1168,LBen
R438W,0.0919,LBen
R438Y,0.1399,LBen
L439A,0.3371,LBen
L439C,0.5083,Amb
L439D,0.6477,LPath
L439E,0.419,Amb
L439F,0.089,LBen
L439G,0.4753,Amb
L439H,0.2441,LBen
L439I,0.099,LBen
L439K,0.4376,Amb
L439M,0.1547,LBen
L439N,0.4027,Amb
L439P,0.1739,LBen
L439Q,0.2281,LBen
L439R,0.2599,LBen
L439S,0.3388,LBen
L439T,0.3439,Amb
L439V,0.1192,LBen
L439W,0.168,LBen
L439Y,0.2022,LBen
P440A,0.2135,LBen
P440C,0.6815,LPath
P440D,0.8735,LPath
P440E,0.731,LPath
P440F,0.4279,Amb
P440G,0.6578,LPath
P440H,0.4228,Amb
P440I,0.3303,LBen
P440K,0.7995,LPath
P440L,0.1616,LBen
P440M,0.4819,Amb
P440N,0.7842,LPath
P440Q,0.4559,Amb
P440R,0.5022,Amb
P440S,0.4036,Amb
P440T,0.369,Amb
P440V,0.2778,LBen
P440W,0.6717,LPath
P440Y,0.4937,Amb
P441A,0.1562,LBen
P441C,0.679,LPath
P441D,0.7395,LPath
P441E,0.5064,Amb
P441F,0.6198,LPath
P441G,0.5321,Amb
P441H,0.3735,Amb
P441I,0.6212,LPath
P441K,0.6596,LPath
P441L,0.2633,LBen
P441M,0.5843,LPath
P441N,0.7259,LPath
P441Q,0.3342,LBen
P441R,0.3099,LBen
P441S,0.306,LBen
P441T,0.3112,LBen
P441V,0.4416,Amb
P441W,0.673,LPath
P441Y,0.6084,LPath
G442A,0.3843,Amb
G442C,0.4741,Amb
G442D,0.7237,LPath
G442E,0.6584,LPath
G442F,0.72,LPath
G442H,0.7597,LPath
G442I,0.7412,LPath
G442K,0.8844,LPath
G442L,0.728,LPath
G442M,0.6917,LPath
G442N,0.7196,LPath
G442P,0.9173,LPath
G442Q,0.6857,LPath
G442R,0.6604,LPath
G442S,0.3257,LBen
G442T,0.62,LPath
G442V,0.5733,LPath
G442W,0.622,LPath
G442Y,0.682,LPath
I443A,0.929,LPath
I443C,0.9338,LPath
I443D,0.9717,LPath
I443E,0.9483,LPath
I443F,0.2406,LBen
I443G,0.9692,LPath
I443H,0.9282,LPath
I443K,0.9308,LPath
I443L,0.4209,Amb
I443M,0.2002,LBen
I443N,0.8404,LPath
I443P,0.9558,LPath
I443Q,0.9235,LPath
I443R,0.8721,LPath
I443S,0.8872,LPath
I443T,0.9218,LPath
I443V,0.2318,LBen
I443W,0.8668,LPath
I443Y,0.6889,LPath
I444A,0.5985,LPath
I444C,0.9355,LPath
I444D,0.9576,LPath
I444E,0.8958,LPath
I444F,0.2925,LBen
I444G,0.9212,LPath
I444H,0.8608,LPath
I444K,0.8018,LPath
I444L,0.2225,LBen
I444M,0.2795,LBen
I444N,0.8302,LPath
I444P,0.8617,LPath
I444Q,0.828,LPath
I444R,0.5783,LPath
I444S,0.6986,LPath
I444T,0.2935,LBen
I444V,0.1684,LBen
I444W,0.8004,LPath
I444Y,0.7844,LPath
G445A,0.6234,LPath
G445C,0.7429,LPath
G445D,0.8574,LPath
G445E,0.886,LPath
G445F,0.9287,LPath
G445H,0.9445,LPath
G445I,0.9066,LPath
G445K,0.9628,LPath
G445L,0.9194,LPath
G445M,0.9553,LPath
G445N,0.9303,LPath
G445P,0.9619,LPath
G445Q,0.9256,LPath
G445R,0.861,LPath
G445S,0.5617,Amb
G445T,0.8297,LPath
G445V,0.8569,LPath
G445W,0.8451,LPath
G445Y,0.9229,LPath
G446A,0.6665,LPath
G446C,0.7789,LPath
G446D,0.7906,LPath
G446E,0.7999,LPath
G446F,0.9298,LPath
G446H,0.9338,LPath
G446I,0.9132,LPath
G446K,0.9295,LPath
G446L,0.9172,LPath
G446M,0.9289,LPath
G446N,0.8798,LPath
G446P,0.9773,LPath
G446Q,0.8875,LPath
G446R,0.8265,LPath
G446S,0.5184,Amb
G446T,0.7982,LPath
G446V,0.8434,LPath
G446W,0.8236,LPath
G446Y,0.915,LPath
E447A,0.21,LBen
E447C,0.8858,LPath
E447D,0.1217,LBen
E447F,0.7573,LPath
E447G,0.2803,LBen
E447H,0.5769,LPath
E447I,0.4355,Amb
E447K,0.3114,LBen
E447L,0.5445,Amb
E447M,0.5591,Amb
E447N,0.3455,Amb
E447P,0.5138,Amb
E447Q,0.2103,LBen
E447R,0.3905,Amb
E447S,0.2863,LBen
E447T,0.3675,Amb
E447V,0.3091,LBen
E447W,0.8778,LPath
E447Y,0.6349,LPath
Y448A,0.8182,LPath
Y448C,0.473,Amb
Y448D,0.5643,LPath
Y448E,0.8646,LPath
Y448F,0.164,LBen
Y448G,0.6798,LPath
Y448H,0.4232,Amb
Y448I,0.8205,LPath
Y448K,0.8927,LPath
Y448L,0.7944,LPath
Y448M,0.8321,LPath
Y448N,0.3917,Amb
Y448P,0.9183,LPath
Y448Q,0.8508,LPath
Y448R,0.7986,LPath
Y448S,0.6182,LPath
Y448T,0.8196,LPath
Y448V,0.7576,LPath
Y448W,0.4933,Amb
D449A,0.8504,LPath
D449C,0.9521,LPath
D449E,0.8062,LPath
D449F,0.9243,LPath
D449G,0.7899,LPath
D449H,0.8428,LPath
D449I,0.9441,LPath
D449K,0.9474,LPath
D449L,0.9056,LPath
D449M,0.9803,LPath
D449N,0.7341,LPath
D449P,0.9588,LPath
D449Q,0.9144,LPath
D449R,0.8904,LPath
D449S,0.7254,LPath
D449T,0.916,LPath
D449V,0.8689,LPath
D449W,0.97,LPath
D449Y,0.6792,LPath
Q450A,0.1716,LBen
Q450C,0.6157,LPath
Q450D,0.4048,Amb
Q450E,0.048,LBen
Q450F,0.5845,LPath
Q450G,0.2677,LBen
Q450H,0.313,LBen
Q450I,0.2239,LBen
Q450K,0.1404,LBen
Q450L,0.122,LBen
Q450M,0.2692,LBen
Q450N,0.3647,Amb
Q450P,0.2709,LBen
Q450R,0.1163,LBen
Q450S,0.2742,LBen
Q450T,0.2051,LBen
Q450V,0.1254,LBen
Q450W,0.5498,Amb
Q450Y,0.4752,Amb
R451A,0.5346,Amb
R451C,0.2571,LBen
R451D,0.7119,LPath
R451E,0.4425,Amb
R451F,0.4153,Amb
R451G,0.3694,Amb
R451H,0.1177,LBen
R451I,0.2419,LBen
R451K,0.2076,LBen
R451L,0.2376,LBen
R451M,0.2869,LBen
R451N,0.616,LPath
R451P,0.6762,LPath
R451Q,0.1337,LBen
R451S,0.6033,LPath
R451T,0.3854,Amb
R451V,0.3689,Amb
R451W,0.129,LBen
R451Y,0.2959,LBen
P452A,0.1641,LBen
P452C,0.5801,LPath
P452D,0.7227,LPath
P452E,0.4908,Amb
P452F,0.4723,Amb
P452G,0.5056,Amb
P452H,0.375,Amb
P452I,0.2399,LBen
P452K,0.5503,Amb
P452L,0.0945,LBen
P452M,0.2891,LBen
P452N,0.6136,LPath
P452Q,0.3297,LBen
P452R,0.3346,LBen
P452S,0.3866,Amb
P452T,0.2627,LBen
P452V,0.2047,LBen
P452W,0.5859,LPath
P452Y,0.5122,Amb
T453A,0.0713,LBen
T453C,0.3015,LBen
T453D,0.2646,LBen
T453E,0.2391,LBen
T453F,0.1192,LBen
T453G,0.1731,LBen
T453H,0.1756,LBen
T453I,0.0781,LBen
T453K,0.2262,LBen
T453L,0.0627,LBen
T453M,0.0716,LBen
T453N,0.0966,LBen
T453P,0.0785,LBen
T453Q,0.1834,LBen
T453R,0.1462,LBen
T453S,0.0955,LBen
T453V,0.0806,LBen
T453W,0.3517,Amb
T453Y,0.1776,LBen
L454A,0.3814,Amb
L454C,0.6212,LPath
L454D,0.821,LPath
L454E,0.6305,LPath
L454F,0.0978,LBen
L454G,0.6251,LPath
L454H,0.3871,Amb
L454I,0.0985,LBen
L454K,0.606,LPath
L454M,0.1543,LBen
L454N,0.5998,LPath
L454P,0.2049,LBen
L454Q,0.3641,Amb
L454R,0.367,Amb
L454S,0.4564,Amb
L454T,0.4498,Amb
L454V,0.1188,LBen
L454W,0.2132,LBen
L454Y,0.3521,Amb
P455A,0.1878,LBen
P455C,0.6507,LPath
P455D,0.6705,LPath
P455E,0.5341,Amb
P455F,0.616,LPath
P455G,0.4548,Amb
P455H,0.3433,Amb
P455I,0.5461,Amb
P455K,0.6679,LPath
P455L,0.22,LBen
P455M,0.5859,LPath
P455N,0.5882,LPath
P455Q,0.3302,LBen
P455R,0.3116,LBen
P455S,0.267,LBen
P455T,0.2678,LBen
P455V,0.4091,Amb
P455W,0.6817,LPath
P455Y,0.5936,LPath
Y456A,0.2271,LBen
Y456C,0.0757,LBen
Y456D,0.1992,LBen
Y456E,0.4859,Amb
Y456F,0.0705,LBen
Y456G,0.1939,LBen
Y456H,0.1593,LBen
Y456I,0.2811,LBen
Y456K,0.5166,Amb
Y456L,0.2922,LBen
Y456M,0.3937,Amb
Y456N,0.1443,LBen
Y456P,0.3038,LBen
Y456Q,0.3709,Amb
Y456R,0.2891,LBen
Y456S,0.1171,LBen
Y456T,0.2374,LBen
Y456V,0.1953,LBen
Y456W,0.2201,LBen
V457A,0.0938,LBen
V457C,0.5495,Amb
V457D,0.2502,LBen
V457E,0.252,LBen
V457F,0.1077,LBen
V457G,0.1295,LBen
V457H,0.4158,Amb
V457I,0.0857,LBen
V457K,0.3325,LBen
V457L,0.1649,LBen
V457M,0.1472,LBen
V457N,0.2471,LBen
V457P,0.225,LBen
V457Q,0.2693,LBen
V457R,0.1966,LBen
V457S,0.1523,LBen
V457T,0.1368,LBen
V457W,0.5291,Amb
V457Y,0.4031,Amb
G458A,0.1596,LBen
G458C,0.3246,LBen
G458D,0.3276,LBen
G458E,0.2924,LBen
G458F,0.6201,LPath
G458H,0.4788,Amb
G458I,0.4256,Amb
G458K,0.5039,Amb
G458L,0.4974,Amb
G458M,0.5722,LPath
G458N,0.4422,Amb
G458P,0.5973,LPath
G458Q,0.3738,Amb
G458R,0.2776,LBen
G458S,0.1403,LBen
G458T,0.2359,LBen
G458V,0.2779,LBen
G458W,0.3985,Amb
G458Y,0.5255,Amb
D459A,0.2993,LBen
D459C,0.7018,LPath
D459E,0.306,LBen
D459F,0.5465,Amb
D459G,0.2326,LBen
D459H,0.3655,Amb
D459I,0.5071,Amb
D459K,0.6004,LPath
D459L,0.471,Amb
D459M,0.7257,LPath
D459N,0.1459,LBen
D459P,0.5389,Amb
D459Q,0.5038,Amb
D459R,0.5427,Amb
D459S,0.1932,LBen
D459T,0.4273,Amb
D459V,0.3537,Amb
D459W,0.8536,LPath
D459Y,0.2397,LBen
P460A,0.1598,LBen
P460C,0.6598,LPath
P460D,0.5662,LPath
P460E,0.4468,Amb
P460F,0.5993,LPath
P460G,0.4263,Amb
P460H,0.2732,LBen
P460I,0.5171,Amb
P460K,0.5417,Amb
P460L,0.2467,LBen
P460M,0.5255,Amb
P460N,0.4843,Amb
P460Q,0.2678,LBen
P460R,0.2308,LBen
P460S,0.2089,LBen
P460T,0.1862,LBen
P460V,0.3742,Amb
P460W,0.7071,LPath
P460Y,0.5758,LPath
I461A,0.3245,LBen
I461C,0.6874,LPath
I461D,0.6049,LPath
I461E,0.6093,LPath
I461F,0.111,LBen
I461G,0.5637,Amb
I461H,0.5334,Amb
I461K,0.5494,Amb
I461L,0.1017,LBen
I461M,0.1261,LBen
I461N,0.354,Amb
I461P,0.4876,Amb
I461Q,0.5246,Amb
I461R,0.3603,Amb
I461S,0.3434,Amb
I461T,0.3937,Amb
I461V,0.0873,LBen
I461W,0.6294,LPath
I461Y,0.4296,Amb
S462A,0.1119,LBen
S462C,0.1156,LBen
S462D,0.2385,LBen
S462E,0.4447,Amb
S462F,0.2627,LBen
S462G,0.0762,LBen
S462H,0.1655,LBen
S462I,0.1851,LBen
S462K,0.448,Amb
S462L,0.1612,LBen
S462M,0.2623,LBen
S462N,0.0656,LBen
S462P,0.1739,LBen
S462Q,0.3378,LBen
S462R,0.3141,LBen
S462T,0.0874,LBen
S462V,0.2261,LBen
S462W,0.2983,LBen
S462Y,0.1621,LBen
S463A,0.1039,LBen
S463C,0.1785,LBen
S463D,0.5851,LPath
S463E,0.6788,LPath
S463F,0.2582,LBen
S463G,0.1695,LBen
S463H,0.4388,Amb
S463I,0.3896,Amb
S463K,0.833,LPath
S463L,0.1897,LBen
S463M,0.3729,Amb
S463N,0.3572,Amb
S463P,0.1571,LBen
S463Q,0.5954,LPath
S463R,0.7036,LPath
S463T,0.1384,LBen
S463V,0.3106,LBen
S463W,0.3411,Amb
S463Y,0.2246,LBen
L464A,0.4876,Amb
L464C,0.6898,LPath
L464D,0.8626,LPath
L464E,0.7098,LPath
L464F,0.1371,LBen
L464G,0.7406,LPath
L464H,0.4905,Amb
L464I,0.1131,LBen
L464K,0.6795,LPath
L464M,0.1741,LBen
L464N,0.7017,LPath
L464P,0.3584,Amb
L464Q,0.4427,Amb
L464R,0.4083,Amb
L464S,0.6121,LPath
L464T,0.5531,Amb
L464V,0.135,LBen
L464W,0.2849,LBen
L464Y,0.4738,Amb
I465A,0.7427,LPath
I465C,0.8603,LPath
I465D,0.8541,LPath
I465E,0.8463,LPath
I465F,0.1347,LBen
I465G,0.8573,LPath
I465H,0.6244,LPath
I465K,0.7398,LPath
I465L,0.1125,LBen
I465M,0.2041,LBen
I465N,0.5115,Amb
I465P,0.6402,LPath
I465Q,0.6825,LPath
I465R,0.5681,LPath
I465S,0.6158,LPath
I465T,0.746,LPath
I465V,0.2506,LBen
I465W,0.6724,LPath
I465Y,0.5139,Amb
P466A,0.1659,LBen
P466C,0.6324,LPath
P466D,0.6966,LPath
P466E,0.5022,Amb
P466F,0.589,LPath
P466G,0.4443,Amb
P466H,0.2832,LBen
P466I,0.5929,LPath
P466K,0.5628,Amb
P466L,0.2329,LBen
P466M,0.5956,LPath
P466N,0.6143,LPath
P466Q,0.2858,LBen
P466R,0.2145,LBen
P466S,0.2396,LBen
P466T,0.238,LBen
P466V,0.4358,Amb
P466W,0.6541,LPath
P466Y,0.5933,LPath
G467A,0.1182,LBen
G467C,0.2134,LBen
G467D,0.1962,LBen
G467E,0.1469,LBen
G467F,0.3665,Amb
G467H,0.2832,LBen
G467I,0.1963,LBen
G467K,0.3021,LBen
G467L,0.2725,LBen
G467M,0.352,Amb
G467N,0.263,LBen
G467P,0.4788,Amb
G467Q,0.2199,LBen
G467R,0.1725,LBen
G467S,0.1099,LBen
G467T,0.1552,LBen
G467V,0.1315,LBen
G467W,0.277,LBen
G467Y,0.2963,LBen
P468A,0.0795,LBen
P468C,0.3435,Amb
P468D,0.2622,LBen
P468E,0.175,LBen
P468F,0.253,LBen
P468G,0.1846,LBen
P468H,0.1123,LBen
P468I,0.2268,LBen
P468K,0.2013,LBen
P468L,0.1069,LBen
P468M,0.2485,LBen
P468N,0.2059,LBen
P468Q,0.107,LBen
P468R,0.0904,LBen
P468S,0.1009,LBen
P468T,0.0872,LBen
P468V,0.164,LBen
P468W,0.3208,LBen
P468Y,0.2616,LBen
G469A,0.142,LBen
G469C,0.2852,LBen
G469D,0.2509,LBen
G469E,0.1729,LBen
G469F,0.4875,Amb
G469H,0.4188,Amb
G469I,0.3077,LBen
G469K,0.3686,Amb
G469L,0.37,Amb
G469M,0.4284,Amb
G469N,0.3829,Amb
G469P,0.5452,Amb
G469Q,0.2677,LBen
G469R,0.2035,LBen
G469S,0.1346,LBen
G469T,0.1921,LBen
G469V,0.1921,LBen
G469W,0.2806,LBen
G469Y,0.4219,Amb
E470A,0.1238,LBen
E470C,0.7137,LPath
E470D,0.1305,LBen
E470F,0.5506,Amb
E470G,0.102,LBen
E470H,0.3246,LBen
E470I,0.3038,LBen
E470K,0.1152,LBen
E470L,0.3122,LBen
E470M,0.348,Amb
E470N,0.2057,LBen
E470P,0.2741,LBen
E470Q,0.0984,LBen
E470R,0.1588,LBen
E470S,0.154,LBen
E470T,0.1843,LBen
E470V,0.1871,LBen
E470W,0.7265,LPath
E470Y,0.4446,Amb
T471A,0.0769,LBen
T471C,0.3764,Amb
T471D,0.2617,LBen
T471E,0.222,LBen
T471F,0.1344,LBen
T471G,0.1787,LBen
T471H,0.1829,LBen
T471I,0.0861,LBen
T471K,0.1608,LBen
T471L,0.0705,LBen
T471M,0.0773,LBen
T471N,0.088,LBen
T471P,0.0752,LBen
T471Q,0.1848,LBen
T471R,0.1259,LBen
T471S,0.113,LBen
T471V,0.1064,LBen
T471W,0.3899,Amb
T471Y,0.1803,LBen
P472A,0.0932,LBen
P472C,0.4985,Amb
P472D,0.4066,Amb
P472E,0.2733,LBen
P472F,0.3891,Amb
P472G,0.251,LBen
P472H,0.1677,LBen
P472I,0.3214,LBen
P472K,0.3102,LBen
P472L,0.135,LBen
P472M,0.3704,Amb
P472N,0.3303,LBen
P472Q,0.1486,LBen
P472R,0.1144,LBen
P472S,0.1258,LBen
P472T,0.1175,LBen
P472V,0.2246,LBen
P472W,0.4984,Amb
P472Y,0.3865,Amb
S473A,0.1059,LBen
S473C,0.1122,LBen
S473D,0.2663,LBen
S473E,0.3775,Amb
S473F,0.2492,LBen
S473G,0.0533,LBen
S473H,0.226,LBen
S473I,0.1542,LBen
S473K,0.4298,Amb
S473L,0.1685,LBen
S473M,0.2547,LBen
S473N,0.1175,LBen
S473P,0.1675,LBen
S473Q,0.3033,LBen
S473R,0.2721,LBen
S473T,0.1028,LBen
S473V,0.1772,LBen
S473W,0.2989,LBen
S473Y,0.2082,LBen
Q474A,0.1434,LBen
Q474C,0.4674,Amb
Q474D,0.2292,LBen
Q474E,0.0907,LBen
Q474F,0.4491,Amb
Q474G,0.1605,LBen
Q474H,0.1418,LBen
Q474I,0.2762,LBen
Q474K,0.1172,LBen
Q474L,0.1255,LBen
Q474M,0.3127,LBen
Q474N,0.1804,LBen
Q474P,0.0693,LBen
Q474R,0.0811,LBen
Q474S,0.1428,LBen
Q474T,0.1476,LBen
Q474V,0.1919,LBen
Q474W,0.3193,LBen
Q474Y,0.2788,LBen
F475A,0.6436,LPath
F475C,0.5238,Amb
F475D,0.7084,LPath
F475E,0.7799,LPath
F475G,0.6912,LPath
F475H,0.6365,LPath
F475I,0.2519,LBen
F475K,0.8328,LPath
F475L,0.8071,LPath
F475M,0.5861,LPath
F475N,0.591,LPath
F475P,0.7975,LPath
F475Q,0.7226,LPath
F475R,0.6827,LPath
F475S,0.4979,Amb
F475T,0.6571,LPath
F475V,0.3101,LBen
F475W,0.4351,Amb
F475Y,0.1744,LBen
P476A,0.0987,LBen
P476C,0.4256,Amb
P476D,0.4381,Amb
P476E,0.2904,LBen
P476F,0.3129,LBen
P476G,0.2604,LBen
P476H,0.1343,LBen
P476I,0.2841,LBen
P476K,0.3626,Amb
P476L,0.1096,LBen
P476M,0.3364,LBen
P476N,0.3215,LBen
P476Q,0.1264,LBen
P476R,0.1278,LBen
P476S,0.1086,LBen
P476T,0.1247,LBen
P476V,0.2059,LBen
P476W,0.4263,Amb
P476Y,0.3174,LBen
P477A,0.1017,LBen
P477C,0.4839,Amb
P477D,0.5165,Amb
P477E,0.3616,Amb
P477F,0.3392,LBen
P477G,0.3001,LBen
P477H,0.194,LBen
P477I,0.2885,LBen
P477K,0.451,Amb
P477L,0.1134,LBen
P477M,0.3336,LBen
P477N,0.3776,Amb
P477Q,0.1816,LBen
P477R,0.1846,LBen
P477S,0.1421,LBen
P477T,0.1527,LBen
P477V,0.1986,LBen
P477W,0.5106,Amb
P477Y,0.3513,Amb
L478A,0.2851,LBen
L478C,0.4748,Amb
L478D,0.6636,LPath
L478E,0.4136,Amb
L478F,0.0884,LBen
L478G,0.4258,Amb
L478H,0.2499,LBen
L478I,0.1176,LBen
L478K,0.3907,Amb
L478M,0.1549,LBen
L478N,0.4332,Amb
L478P,0.1357,LBen
L478Q,0.1893,LBen
L478R,0.1821,LBen
L478S,0.3169,LBen
L478T,0.335,LBen
L478V,0.1118,LBen
L478W,0.1582,LBen
L478Y,0.2784,LBen
R479A,0.5064,Amb
R479C,0.288,LBen
R479D,0.7578,LPath
R479E,0.4841,Amb
R479F,0.5307,Amb
R479G,0.2765,LBen
R479H,0.1649,LBen
R479I,0.3621,Amb
R479K,0.2639,LBen
R479L,0.2902,LBen
R479M,0.4553,Amb
R479N,0.6879,LPath
R479P,0.358,Amb
R479Q,0.1517,LBen
R479S,0.5863,LPath
R479T,0.426,Amb
R479V,0.4443,Amb
R479W,0.2184,LBen
R479Y,0.4271,Amb
P480A,0.2356,LBen
P480C,0.8164,LPath
P480D,0.7641,LPath
P480E,0.5707,LPath
P480F,0.8038,LPath
P480G,0.5396,Amb
P480H,0.411,Amb
P480I,0.7964,LPath
P480K,0.7307,LPath
P480L,0.4271,Amb
P480M,0.765,LPath
P480N,0.685,LPath
P480Q,0.352,Amb
P480R,0.363,Amb
P480S,0.376,Amb
P480T,0.4357,Amb
P480V,0.6229,LPath
P480W,0.8383,LPath
P480Y,0.7367,LPath
R481A,0.3334,LBen
R481C,0.1296,LBen
R481D,0.5055,Amb
R481E,0.4295,Amb
R481F,0.3566,Amb
R481G,0.2117,LBen
R481H,0.0932,LBen
R481I,0.2813,LBen
R481K,0.2672,LBen
R481L,0.1866,LBen
R481M,0.4285,Amb
R481N,0.4092,Amb
R481P,0.1851,LBen
R481Q,0.1407,LBen
R481S,0.3663,Amb
R481T,0.3172,LBen
R481V,0.3103,LBen
R481W,0.167,LBen
R481Y,0.2432,LBen
F482A,0.7116,LPath
F482C,0.6528,LPath
F482D,0.8103,LPath
F482E,0.8543,LPath
F482G,0.8015,LPath
F482H,0.6804,LPath
F482I,0.4486,Amb
F482K,0.9035,LPath
F482L,0.9323,LPath
F482M,0.7234,LPath
F482N,0.7369,LPath
F482P,0.9067,LPath
F482Q,0.8098,LPath
F482R,0.7545,LPath
F482S,0.6062,LPath
F482T,0.7192,LPath
F482V,0.4626,Amb
F482W,0.4421,Amb
F482Y,0.2103,LBen
D483A,0.6638,LPath
D483C,0.9168,LPath
D483E,0.6893,LPath
D483F,0.8017,LPath
D483G,0.6687,LPath
D483H,0.7306,LPath
D483I,0.8361,LPath
D483K,0.9198,LPath
D483L,0.7563,LPath
D483M,0.9613,LPath
D483N,0.5919,LPath
D483P,0.7818,LPath
D483Q,0.8392,LPath
D483R,0.8203,LPath
D483S,0.5273,Amb
D483T,0.8445,LPath
D483V,0.7165,LPath
D483W,0.9458,LPath
D483Y,0.4906,Amb
P484A,0.1891,LBen
P484C,0.7618,LPath
P484D,0.6953,LPath
P484E,0.5377,Amb
P484F,0.6604,LPath
P484G,0.568,LPath
P484H,0.4006,Amb
P484I,0.4896,Amb
P484K,0.711,LPath
P484L,0.2635,LBen
P484M,0.5797,LPath
P484N,0.6665,LPath
P484Q,0.4046,Amb
P484R,0.3443,Amb
P484S,0.3638,Amb
P484T,0.2542,LBen
P484V,0.3532,Amb
P484W,0.7851,LPath
P484Y,0.6706,LPath
V485A,0.1251,LBen
V485C,0.6127,LPath
V485D,0.2972,LBen
V485E,0.2836,LBen
V485F,0.1027,LBen
V485G,0.1771,LBen
V485H,0.4717,Amb
V485I,0.0659,LBen
V485K,0.4032,Amb
V485L,0.123,LBen
V485M,0.1145,LBen
V485N,0.2214,LBen
V485P,0.2108,LBen
V485Q,0.3215,LBen
V485R,0.2582,LBen
V485S,0.1609,LBen
V485T,0.1022,LBen
V485W,0.5495,Amb
V485Y,0.4138,Amb
G486A,0.1495,LBen
G486C,0.2457,LBen
G486D,0.2234,LBen
G486E,0.278,LBen
G486F,0.3724,Amb
G486H,0.4829,Amb
G486I,0.2187,LBen
G486K,0.7072,LPath
G486L,0.317,LBen
G486M,0.4459,Amb
G486N,0.357,Amb
G486P,0.554,Amb
G486Q,0.4505,Amb
G486R,0.4814,Amb
G486S,0.1243,LBen
G486T,0.2148,LBen
G486V,0.1509,LBen
G486W,0.3939,Amb
G486Y,0.3756,Amb
P487A,0.1119,LBen
P487C,0.4737,Amb
P487D,0.3831,Amb
P487E,0.3058,LBen
P487F,0.3065,LBen
P487G,0.2741,LBen
P487H,0.1801,LBen
P487I,0.2916,LBen
P487K,0.4597,Amb
P487L,0.1418,LBen
P487M,0.339,LBen
P487N,0.296,LBen
P487Q,0.1857,LBen
P487R,0.2009,LBen
P487S,0.1313,LBen
P487T,0.1358,LBen
P487V,0.2123,LBen
P487W,0.4945,Amb
P487Y,0.3475,Amb
L488A,0.2529,LBen
L488C,0.4215,Amb
L488D,0.5315,Amb
L488E,0.3616,Amb
L488F,0.0627,LBen
L488G,0.4072,Amb
L488H,0.2066,LBen
L488I,0.0925,LBen
L488K,0.4063,Amb
L488M,0.1394,LBen
L488N,0.3309,LBen
L488P,0.1511,LBen
L488Q,0.1855,LBen
L488R,0.2224,LBen
L488S,0.2538,LBen
L488T,0.29,LBen
L488V,0.1043,LBen
L488W,0.1518,LBen
L488Y,0.2039,LBen
P489A,0.1281,LBen
P489C,0.5644,LPath
P489D,0.4958,Amb
P489E,0.3302,LBen
P489F,0.4755,Amb
P489G,0.3051,LBen
P489H,0.2342,LBen
P489I,0.4378,Amb
P489K,0.4922,Amb
P489L,0.1727,LBen
P489M,0.47,Amb
P489N,0.4401,Amb
P489Q,0.2095,LBen
P489R,0.1998,LBen
P489S,0.1833,LBen
P489T,0.1831,LBen
P489V,0.3011,LBen
P489W,0.5469,Amb
P489Y,0.4679,Amb
G490A,0.1259,LBen
G490C,0.2541,LBen
G490D,0.181,LBen
G490E,0.1316,LBen
G490F,0.3672,Amb
G490H,0.388,Amb
G490I,0.2261,LBen
G490K,0.4721,Amb
G490L,0.2872,LBen
G490M,0.3806,Amb
G490N,0.3037,LBen
G490P,0.4112,Amb
G490Q,0.279,LBen
G490R,0.2995,LBen
G490S,0.117,LBen
G490T,0.1746,LBen
G490V,0.1497,LBen
G490W,0.3025,LBen
G490Y,0.339,LBen
P491A,0.0865,LBen
P491C,0.3812,Amb
P491D,0.2556,LBen
P491E,0.1814,LBen
P491F,0.2989,LBen
P491G,0.1957,LBen
P491H,0.1405,LBen
P491I,0.2525,LBen
P491K,0.2695,LBen
P491L,0.1299,LBen
P491M,0.2783,LBen
P491N,0.2106,LBen
P491Q,0.1181,LBen
P491R,0.1298,LBen
P491S,0.1035,LBen
P491T,0.1008,LBen
P491V,0.1833,LBen
P491W,0.3965,Amb
P491Y,0.3032,LBen
N492A,0.1481,LBen
N492C,0.2093,LBen
N492D,0.1019,LBen
N492E,0.2305,LBen
N492F,0.3004,LBen
N492G,0.1778,LBen
N492H,0.0918,LBen
N492I,0.1487,LBen
N492K,0.2403,LBen
N492L,0.1592,LBen
N492M,0.2685,LBen
N492P,0.1913,LBen
N492Q,0.2202,LBen
N492R,0.2157,LBen
N492S,0.0731,LBen
N492T,0.1104,LBen
N492V,0.1448,LBen
N492W,0.5322,Amb
N492Y,0.1189,LBen
P493A,0.0913,LBen
P493C,0.4016,Amb
P493D,0.3149,LBen
P493E,0.2423,LBen
P493F,0.3512,Amb
P493G,0.2301,LBen
P493H,0.1482,LBen
P493I,0.2816,LBen
P493K,0.359,Amb
P493L,0.1368,LBen
P493M,0.3214,LBen
P493N,0.251,LBen
P493Q,0.1478,LBen
P493R,0.1408,LBen
P493S,0.1158,LBen
P493T,0.1007,LBen
P493V,0.1964,LBen
P493W,0.4671,Amb
P493Y,0.3292,LBen
I494A,0.1503,LBen
I494C,0.3837,Amb
I494D,0.2887,LBen
I494E,0.3129,LBen
I494F,0.0669,LBen
I494G,0.2624,LBen
I494H,0.2347,LBen
I494K,0.2645,LBen
I494L,0.0657,LBen
I494M,0.0738,LBen
I494N,0.1125,LBen
I494P,0.1759,LBen
I494Q,0.2306,LBen
I494R,0.1594,LBen
I494S,0.1267,LBen
I494T,0.1227,LBen
I494V,0.0701,LBen
I494W,0.3957,Amb
I494Y,0.2267,LBen
L495A,0.2108,LBen
L495C,0.4239,Amb
L495D,0.5284,Amb
L495E,0.3061,LBen
L495F,0.0881,LBen
L495G,0.3319,LBen
L495H,0.1826,LBen
L495I,0.0895,LBen
L495K,0.3358,LBen
L495M,0.1483,LBen
L495N,0.3117,LBen
L495P,0.1244,LBen
L495Q,0.1528,LBen
L495R,0.1535,LBen
L495S,0.193,LBen
L495T,0.2126,LBen
L495V,0.0977,LBen
L495W,0.1769,LBen
L495Y,0.2495,LBen
P496A,0.1286,LBen
P496C,0.5856,LPath
P496D,0.5708,LPath
P496E,0.3817,Amb
P496F,0.508,Amb
P496G,0.3112,LBen
P496H,0.2594,LBen
P496I,0.4784,Amb
P496K,0.5113,Amb
P496L,0.1702,LBen
P496M,0.4804,Amb
P496N,0.4875,Amb
P496Q,0.2329,LBen
P496R,0.2006,LBen
P496S,0.1998,LBen
P496T,0.1884,LBen
P496V,0.332,LBen
P496W,0.5674,LPath
P496Y,0.4859,Amb
G497A,0.2071,LBen
G497C,0.3384,LBen
G497D,0.4729,Amb
G497E,0.3985,Amb
G497F,0.5808,LPath
G497H,0.6047,LPath
G497I,0.4294,Amb
G497K,0.7178,LPath
G497L,0.5259,Amb
G497M,0.6587,LPath
G497N,0.5327,Amb
G497P,0.5867,LPath
G497Q,0.4853,Amb
G497R,0.4196,Amb
G497S,0.1673,LBen
G497T,0.3254,LBen
G497V,0.2786,LBen
G497W,0.4669,Amb
G497Y,0.5548,Amb
R498A,0.3331,LBen
R498C,0.253,LBen
R498D,0.5885,LPath
R498E,0.3249,LBen
R498F,0.4285,Amb
R498G,0.1846,LBen
R498H,0.158,LBen
R498I,0.3035,LBen
R498K,0.1886,LBen
R498L,0.2637,LBen
R498M,0.3593,Amb
R498N,0.54,Amb
R498P,0.2304,LBen
R498Q,0.1163,LBen
R498S,0.4551,Amb
R498T,0.2839,LBen
R498V,0.3621,Amb
R498W,0.1699,LBen
R498Y,0.3882,Amb
G499A,0.1008,LBen
G499C,0.1933,LBen
G499D,0.2679,LBen
G499E,0.2596,LBen
G499F,0.4451,Amb
G499H,0.4133,Amb
G499I,0.2582,LBen
G499K,0.5348,Amb
G499L,0.3524,Amb
G499M,0.4337,Amb
G499N,0.3198,LBen
G499P,0.3832,Amb
G499Q,0.3569,Amb
G499R,0.3133,LBen
G499S,0.1112,LBen
G499T,0.1521,LBen
G499V,0.1575,LBen
G499W,0.3316,LBen
G499Y,0.3636,Amb
G500A,0.119,LBen
G500C,0.1452,LBen
G500D,0.2656,LBen
G500E,0.2474,LBen
G500F,0.2585,LBen
G500H,0.3089,LBen
G500I,0.1302,LBen
G500K,0.4478,Amb
G500L,0.2268,LBen
G500M,0.2941,LBen
G500N,0.2592,LBen
G500P,0.423,Amb
G500Q,0.2926,LBen
G500R,0.254,LBen
G500S,0.0969,LBen
G500T,0.1437,LBen
G500V,0.1071,LBen
G500W,0.253,LBen
G500Y,0.2508,LBen
P501A,0.0823,LBen
P501C,0.2918,LBen
P501D,0.2896,LBen
P501E,0.2285,LBen
P501F,0.2618,LBen
P501G,0.1489,LBen
P501H,0.1327,LBen
P501I,0.2297,LBen
P501K,0.2737,LBen
P501L,0.1167,LBen
P501M,0.2522,LBen
P501N,0.1962,LBen
P501Q,0.1171,LBen
P501R,0.1225,LBen
P501S,0.0898,LBen
P501T,0.0904,LBen
P501V,0.1658,LBen
P501W,0.3338,LBen
P501Y,0.2727,LBen
N502A,0.0974,LBen
N502C,0.1413,LBen
N502D,0.1132,LBen
N502E,0.2473,LBen
N502F,0.3091,LBen
N502G,0.099,LBen
N502H,0.091,LBen
N502I,0.1432,LBen
N502K,0.2187,LBen
N502L,0.1532,LBen
N502M,0.2342,LBen
N502P,0.1592,LBen
N502Q,0.2079,LBen
N502R,0.1884,LBen
N502S,0.0549,LBen
N502T,0.079,LBen
N502V,0.1311,LBen
N502W,0.4579,Amb
N502Y,0.1218,LBen
D503A,0.1899,LBen
D503C,0.5028,Amb
D503E,0.1605,LBen
D503F,0.4865,Amb
D503G,0.135,LBen
D503H,0.2389,LBen
D503I,0.3625,Amb
D503K,0.4294,Amb
D503L,0.3518,Amb
D503M,0.645,LPath
D503N,0.1035,LBen
D503P,0.3526,Amb
D503Q,0.299,LBen
D503R,0.3292,LBen
D503S,0.1174,LBen
D503T,0.2485,LBen
D503V,0.2436,LBen
D503W,0.7664,LPath
D503Y,0.1863,LBen
R504A,0.4875,Amb
R504C,0.3216,LBen
R504D,0.6666,LPath
R504E,0.5319,Amb
R504F,0.6056,LPath
R504G,0.254,LBen
R504H,0.1948,LBen
R504I,0.376,Amb
R504K,0.2861,LBen
R504L,0.3538,Amb
R504M,0.5428,Amb
R504N,0.6355,LPath
R504P,0.3413,Amb
R504Q,0.1949,LBen
R504S,0.5505,Amb
R504T,0.4072,Amb
R504V,0.4835,Amb
R504W,0.2817,LBen
R504Y,0.489,Amb
F505A,0.4724,Amb
F505C,0.3764,Amb
F505D,0.6097,LPath
F505E,0.709,LPath
F505G,0.5056,Amb
F505H,0.4913,Amb
F505I,0.2287,LBen
F505K,0.7292,LPath
F505L,0.7814,LPath
F505M,0.5385,Amb
F505N,0.4439,Amb
F505P,0.6913,LPath
F505Q,0.5838,LPath
F505R,0.5348,Amb
F505S,0.3091,LBen
F505T,0.4927,Amb
F505V,0.2426,LBen
F505W,0.3856,Amb
F505Y,0.1653,LBen
P506A,0.1136,LBen
P506C,0.4223,Amb
P506D,0.5508,Amb
P506E,0.4767,Amb
P506F,0.391,Amb
P506G,0.2469,LBen
P506H,0.2055,LBen
P506I,0.3403,Amb
P506K,0.5978,LPath
P506L,0.158,LBen
P506M,0.4374,Amb
P506N,0.3601,Amb
P506Q,0.2158,LBen
P506R,0.2379,LBen
P506S,0.1194,LBen
P506T,0.1452,LBen
P506V,0.2443,LBen
P506W,0.5214,Amb
P506Y,0.3927,Amb
F507A,0.1983,LBen
F507C,0.1462,LBen
F507D,0.4391,Amb
F507E,0.5217,Amb
F507G,0.2878,LBen
F507H,0.3544,Amb
F507I,0.1177,LBen
F507K,0.5932,LPath
F507L,0.3737,Amb
F507M,0.283,LBen
F507N,0.2986,LBen
F507P,0.2757,LBen
F507Q,0.3862,Amb
F507R,0.3657,Amb
F507S,0.1479,LBen
F507T,0.2452,LBen
F507V,0.1098,LBen
F507W,0.2329,LBen
F507Y,0.1359,LBen
R508A,0.7189,LPath
R508C,0.3789,Amb
R508D,0.9198,LPath
R508E,0.7762,LPath
R508F,0.6677,LPath
R508G,0.4338,Amb
R508H,0.2616,LBen
R508I,0.5376,Amb
R508K,0.3763,Amb
R508L,0.432,Amb
R508M,0.6856,LPath
R508N,0.8724,LPath
R508P,0.4435,Amb
R508Q,0.2457,LBen
R508S,0.767,LPath
R508T,0.6752,LPath
R508V,0.632,LPath
R508W,0.2879,LBen
R508Y,0.5986,LPath
P509A,0.1182,LBen
P509C,0.5332,Amb
P509D,0.5594,Amb
P509E,0.4299,Amb
P509F,0.5107,Amb
P509G,0.2659,LBen
P509H,0.2473,LBen
P509I,0.4718,Amb
P509K,0.5232,Amb
P509L,0.2105,LBen
P509M,0.4882,Amb
P509N,0.3951,Amb
P509Q,0.2115,LBen
P509R,0.234,LBen
P509S,0.1574,LBen
P509T,0.1756,LBen
P509V,0.3148,LBen
P509W,0.623,LPath
P509Y,0.4653,Amb
S510A,0.1132,LBen
S510C,0.1126,LBen
S510D,0.4355,Amb
S510E,0.5583,Amb
S510F,0.3239,LBen
S510G,0.0562,LBen
S510H,0.348,Amb
S510I,0.1887,LBen
S510K,0.6967,LPath
S510L,0.2148,LBen
S510M,0.2831,LBen
S510N,0.1554,LBen
S510P,0.1985,LBen
S510Q,0.441,Amb
S510R,0.5397,Amb
S510T,0.1072,LBen
S510V,0.1916,LBen
S510W,0.3741,Amb
S510Y,0.2956,LBen
R511A,0.3879,Amb
R511C,0.364,Amb
R511D,0.7149,LPath
R511E,0.4843,Amb
R511F,0.5247,Amb
R511G,0.1713,LBen
R511H,0.2269,LBen
R511I,0.4026,Amb
R511K,0.2101,LBen
R511L,0.3113,LBen
R511M,0.4526,Amb
R511N,0.677,LPath
R511P,0.2843,LBen
R511Q,0.1805,LBen
R511S,0.5351,Amb
R511T,0.3511,Amb
R511V,0.4548,Amb
R511W,0.2236,LBen
R511Y,0.5157,Amb
G512A,0.1547,LBen
G512C,0.2278,LBen
G512D,0.2816,LBen
G512E,0.2948,LBen
G512F,0.456,Amb
G512H,0.4568,Amb
G512I,0.2737,LBen
G512K,0.6634,LPath
G512L,0.3901,Amb
G512M,0.4993,Amb
G512N,0.3122,LBen
G512P,0.5219,Amb
G512Q,0.4228,Amb
G512R,0.4241,Amb
G512S,0.116,LBen
G512T,0.208,LBen
G512V,0.1774,LBen
G512W,0.3547,Amb
G512Y,0.3752,Amb
R513A,0.2672,LBen
R513C,0.1811,LBen
R513D,0.474,Amb
R513E,0.2904,LBen
R513F,0.2438,LBen
R513G,0.1249,LBen
R513H,0.1178,LBen
R513I,0.1885,LBen
R513K,0.1447,LBen
R513L,0.1585,LBen
R513M,0.2355,LBen
R513N,0.3837,Amb
R513P,0.2071,LBen
R513Q,0.0991,LBen
R513S,0.295,LBen
R513T,0.2203,LBen
R513V,0.2404,LBen
R513W,0.0939,LBen
R513Y,0.2236,LBen
P514A,0.0624,LBen
P514C,0.275,LBen
P514D,0.2518,LBen
P514E,0.1984,LBen
P514F,0.2291,LBen
P514G,0.1272,LBen
P514H,0.118,LBen
P514I,0.2138,LBen
P514K,0.255,LBen
P514L,0.1079,LBen
P514M,0.2143,LBen
P514N,0.1711,LBen
P514Q,0.1079,LBen
P514R,0.1281,LBen
P514S,0.0692,LBen
P514T,0.0752,LBen
P514V,0.1445,LBen
P514W,0.3048,LBen
P514Y,0.2264,LBen
T515A,0.0615,LBen
T515C,0.3085,LBen
T515D,0.2422,LBen
T515E,0.2122,LBen
T515F,0.1725,LBen
T515G,0.1189,LBen
T515H,0.1846,LBen
T515I,0.1431,LBen
T515K,0.1894,LBen
T515L,0.0964,LBen
T515M,0.1,LBen
T515N,0.098,LBen
T515P,0.07,LBen
T515Q,0.1711,LBen
T515R,0.1248,LBen
T515S,0.0813,LBen
T515V,0.1173,LBen
T515W,0.3496,Amb
T515Y,0.2091,LBen
D516A,0.1953,LBen
D516C,0.6321,LPath
D516E,0.1839,LBen
D516F,0.592,LPath
D516G,0.1504,LBen
D516H,0.3217,LBen
D516I,0.4891,Amb
D516K,0.5236,Amb
D516L,0.4833,Amb
D516M,0.7322,LPath
D516N,0.1443,LBen
D516P,0.4656,Amb
D516Q,0.3939,Amb
D516R,0.4026,Amb
D516S,0.1485,LBen
D516T,0.2956,LBen
D516V,0.2963,LBen
D516W,0.8276,LPath
D516Y,0.2603,LBen
G517A,0.0777,LBen
G517C,0.0925,LBen
G517D,0.1292,LBen
G517E,0.1403,LBen
G517F,0.2388,LBen
G517H,0.1738,LBen
G517I,0.097,LBen
G517K,0.2869,LBen
G517L,0.1668,LBen
G517M,0.2251,LBen
G517N,0.1174,LBen
G517P,0.2538,LBen
G517Q,0.1882,LBen
G517R,0.1511,LBen
G517S,0.0585,LBen
G517T,0.079,LBen
G517V,0.0814,LBen
G517W,0.189,LBen
G517Y,0.1711,LBen
R518A,0.2693,LBen
R518C,0.1871,LBen
R518D,0.4278,Amb
R518E,0.2862,LBen
R518F,0.3068,LBen
R518G,0.1481,LBen
R518H,0.1212,LBen
R518I,0.2131,LBen
R518K,0.1549,LBen
R518L,0.178,LBen
R518M,0.2933,LBen
R518N,0.3739,Amb
R518P,0.1623,LBen
R518Q,0.1125,LBen
R518S,0.3132,LBen
R518T,0.2299,LBen
R518V,0.2665,LBen
R518W,0.144,LBen
R518Y,0.2648,LBen
L519A,0.1212,LBen
L519C,0.2852,LBen
L519D,0.3017,LBen
L519E,0.1687,LBen
L519F,0.076,LBen
L519G,0.1837,LBen
L519H,0.1185,LBen
L519I,0.0899,LBen
L519K,0.1558,LBen
L519M,0.1052,LBen
L519N,0.1722,LBen
L519P,0.0611,LBen
L519Q,0.0798,LBen
L519R,0.0815,LBen
L519S,0.1258,LBen
L519T,0.1325,LBen
L519V,0.0837,LBen
L519W,0.1186,LBen
L519Y,0.1708,LBen
S520A,0.0717,LBen
S520C,0.1003,LBen
S520D,0.3385,LBen
S520E,0.3881,Amb
S520F,0.1595,LBen
S520G,0.1003,LBen
S520H,0.2028,LBen
S520I,0.194,LBen
S520K,0.5454,Amb
S520L,0.1357,LBen
S520M,0.2636,LBen
S520N,0.1704,LBen
S520P,0.0517,LBen
S520Q,0.275,LBen
S520R,0.355,Amb
S520T,0.093,LBen
S520V,0.1706,LBen
S520W,0.1769,LBen
S520Y,0.141,LBen
F521A,0.4053,Amb
F521C,0.3291,LBen
F521D,0.6659,LPath
F521E,0.7575,LPath
F521G,0.5643,LPath
F521H,0.5669,LPath
F521I,0.261,LBen
F521K,0.7998,LPath
F521L,0.7825,LPath
F521M,0.5544,Amb
F521N,0.5747,LPath
F521P,0.7032,LPath
F521Q,0.7276,LPath
F521R,0.61,LPath
F521S,0.3355,LBen
F521T,0.4371,Amb
F521V,0.2227,LBen
F521W,0.3793,Amb
F521Y,0.197,LBen
M522A,0.411,Amb
M522C,0.3553,Amb
M522D,0.9064,LPath
M522E,0.6947,LPath
M522F,0.2046,LBen
M522G,0.6282,LPath
M522H,0.5054,Amb
M522I,0.2604,LBen
M522K,0.4921,Amb
M522L,0.1037,LBen
M522N,0.6945,LPath
M522P,0.528,Amb
M522Q,0.2784,LBen
M522R,0.3284,LBen
M522S,0.434,Amb
M522T,0.3565,Amb
M522V,0.0933,LBen
M522W,0.4163,Amb
M522Y,0.505,Amb
